VNr;KuNr;KFZ-KZ;Art;Neuwert;Erstzulassung;Vbeginn;HP/Monat;TK/Monat;VK/Monat;HP-Satz;TK-Satz;VK-Satz;SB TK;SBVK;VK J/N;Schadensumme Sach;Schadensumme Person
KFZ00080;K00097;Y-X 33;V;37,500.00 €;20070201;21.03.2009;180.54 €;64.09 €;138.09 €;124%;65%;92%; -   € ;2,000.00 €; N ;150,000.00 €;2,000,000.00 €
KFZ00146;K00184;Y-X 61;P;30,000.00 €;20070201;26.05.2009;145.60 €;41.41 €;145.60 €;100%;42%;97%; -   € ;2,000.00 €; N ;150,000.00 €;2,000,000.00 €
KFZ00235;K00300;Y-X 296;K;40,000.00 €;20070101;23.08.2009;202.38 €;154.80 €;127.59 €;139%;157%;85%; -   € ;2,000.00 €; J ;150,000.00 €;2,000,000.00 €
KFZ00044;K00053;Y-X 182;K;40,000.00 €;20070104;13.02.2009;243.15 €;154.80 €;264.23 €;167%;157%;131%; -   € ;650.00 €; N ;150,000.00 €;2,000,000.00 €
KFZ00211;K00270;Y-X 282;P;30,000.00 €;20070104;30.07.2009;214.03 €;36.02 €;49.53 €;147%;46%;33%;300.00 €;2,000.00 €; J ;150,000.00 €;2,000,000.00 €
KFZ00153;K00192;Y-X 247;S;60,000.00 €;20070105;02.06.2009;110.66 €;140.01 €;238.66 €;76%;142%;159%; -   € ;2,000.00 €; N ;150,000.00 €;2,000,000.00 €
KFZ00227;K00293;Y-X 93;P;30,000.00 €;20070105;15.08.2009;106.29 €;119.31 €;71.56 €;73%;121%;40%; -   € ;1,200.00 €; J ;150,000.00 €;2,000,000.00 €
KFZ00101;K00122;Y-X 217;P;30,000.00 €;20070108;11.04.2009;113.57 €;86.77 €;272.30 €;78%;88%;135%; -   € ;650.00 €; N ;150,000.00 €;2,000,000.00 €
KFZ00120;K00148;Y-X 227;S;60,000.00 €;20070108;30.04.2009;145.60 €;159.73 €;176.59 €;100%;162%;63%; -   € ; -   € ; N ;150,000.00 €;2,000,000.00 €
KFZ00127;K00155;Y-X 52;V;37,500.00 €;20070108;07.05.2009;165.98 €;70.99 €;318.44 €;114%;72%;178%; -   € ;1,200.00 €; N ;150,000.00 €;2,000,000.00 €
KFZ00189;K00242;Y-X 78;C;50,000.00 €;20070108;08.07.2009;55.33 €;92.68 €;57.04 €;38%;94%;38%; -   € ;2,000.00 €; J ;150,000.00 €;2,000,000.00 €
KFZ00029;K00035;Y-X 13;C;50,000.00 €;20070109;29.01.2009;173.26 €;77.89 €;266.24 €;119%;79%;132%; -   € ;650.00 €; J ;150,000.00 €;2,000,000.00 €
KFZ00184;K00235;Y-X 266;S;60,000.00 €;20070109;03.07.2009;133.95 €;132.12 €;218.26 €;92%;134%;122%; -   € ;1,200.00 €; J ;150,000.00 €;2,000,000.00 €
KFZ00026;K00033;Y-X 11;P;30,000.00 €;20070111;26.01.2009;167.44 €;83.81 €;124.58 €;115%;85%;83%; -   € ;2,000.00 €; J ;150,000.00 €;2,000,000.00 €
KFZ00115;K00142;Y-X 49;P;30,000.00 €;20070113;25.04.2009;198.02 €;31.55 €;214.64 €;136%;32%;143%; -   € ;2,000.00 €; N ;150,000.00 €;2,000,000.00 €
KFZ00168;K00212;Y-X 70;S;60,000.00 €;20070113;17.06.2009;126.67 €;175.51 €;218.26 €;87%;178%;122%; -   € ;1,200.00 €; N ;150,000.00 €;2,000,000.00 €
KFZ00161;K00206;Y-X 253;P;30,000.00 €;20070117;10.06.2009;246.06 €;65.08 €;45.03 €;169%;66%;30%; -   € ;2,000.00 €; J ;150,000.00 €;2,000,000.00 €
KFZ00222;K00282;Y-X 91;P;30,000.00 €;20070117;10.08.2009;91.73 €;152.83 €;114.97 €;63%;155%;57%; -   € ;650.00 €; J ;150,000.00 €;2,000,000.00 €
KFZ00269;K00347;Y-X 318;C;50,000.00 €;20070117;26.09.2009;187.82 €;168.61 €;207.75 €;129%;171%;103%; -   € ;650.00 €; N ;150,000.00 €;2,000,000.00 €
KFZ00151;K00188;Y-X 246;K;40,000.00 €;20070118;31.05.2009;214.03 €;152.83 €;71.56 €;147%;155%;40%; -   € ;1,200.00 €; N ;150,000.00 €;2,000,000.00 €
KFZ00264;K00337;Y-X 107;S;60,000.00 €;20070118;21.09.2009;87.36 €;103.53 €;175.48 €;60%;105%;87%; -   € ;650.00 €; J ;150,000.00 €;2,000,000.00 €
KFZ00268;K00344;Y-X 317;K;40,000.00 €;20070119;25.09.2009;248.98 €;175.51 €;187.85 €;171%;178%;105%; -   € ;1,200.00 €; J ;150,000.00 €;2,000,000.00 €
KFZ00285;K00365;Y-X 115;C;50,000.00 €;20070121;12.10.2009;174.72 €;32.54 €;336.84 €;120%;33%;167%; -   € ;650.00 €; N ;150,000.00 €;2,000,000.00 €
KFZ00102;K00123;Y-X 218;S;60,000.00 €;20070126;12.04.2009;231.50 €;172.55 €;246.16 €;159%;175%;164%; -   € ;2,000.00 €; N ;150,000.00 €;2,000,000.00 €
KFZ00272;K00353;Y-X 320;V;37,500.00 €;20070126;29.09.2009;87.36 €;61.13 €;175.32 €;60%;62%;98%; -   € ;1,200.00 €; J ;150,000.00 €;2,000,000.00 €
KFZ00078;K00095;Y-X 203;P;30,000.00 €;20070127;19.03.2009;240.24 €;101.56 €;266.24 €;165%;103%;132%; -   € ;650.00 €; N ;150,000.00 €;2,000,000.00 €
KFZ00182;K00233;Y-X 264;S;60,000.00 €;20070127;01.07.2009;253.34 €;61.13 €;161.01 €;174%;62%;90%; -   € ;1,200.00 €; N ;150,000.00 €;2,000,000.00 €
KFZ00214;K00274;Y-X 87;S;60,000.00 €;20070127;02.08.2009;154.34 €;102.54 €;270.14 €;106%;104%;151%; -   € ;1,200.00 €; N ;150,000.00 €;2,000,000.00 €
KFZ00143;K00181;Y-X 59;V;37,500.00 €;20070129;23.05.2009;68.43 €;132.12 €;128.81 €;47%;134%;72%; -   € ;1,200.00 €; N ;150,000.00 €;2,000,000.00 €
KFZ00191;K00245;Y-X 79;V;37,500.00 €;20070100;10.07.2009;199.47 €;147.90 €;155.31 €;137%;150%;77%; -   € ;650.00 €; N ;150,000.00 €;2,000,000.00 €
KFZ00284;K00364;Y-X 114;K;40,000.00 €;20070100;11.10.2009;157.25 €;68.03 €;253.67 €;108%;69%;169%; -   € ;2,000.00 €; N ;150,000.00 €;2,000,000.00 €
KFZ00025;K00031;Y-X 10;S;60,000.00 €;20070102;25.01.2009;259.17 €;67.05 €;110.94 €;178%;68%;55%; -   € ;650.00 €; J ;150,000.00 €;2,000,000.00 €
KFZ00140;K00178;Y-X 239;K;40,000.00 €;20070105;20.05.2009;151.42 €;36.48 €;350.96 €;104%;37%;174%; -   € ;650.00 €; N ;150,000.00 €;2,000,000.00 €
KFZ00011;K00014;Y-X 162;K;40,000.00 €;20070106;11.01.2009;65.52 €;70.01 €;145.22 €;45%;71%;72%; -   € ;650.00 €; N ;150,000.00 €;2,000,000.00 €
KFZ00068;K00083;Y-X 199;P;30,000.00 €;20070106;09.03.2009;164.53 €;28.19 €;98.40 €;113%;36%;55%;300.00 €;1,200.00 €; N ;150,000.00 €;2,000,000.00 €
KFZ00154;K00198;Y-X 248;P;30,000.00 €;20070106;03.06.2009;74.26 €;122.26 €;328.77 €;51%;124%;163%; -   € ;650.00 €; J ;150,000.00 €;2,000,000.00 €
KFZ00226;K00292;Y-X 92;P;30,000.00 €;20070106;14.08.2009;104.83 €;172.55 €;230.78 €;72%;175%;129%; -   € ;1,200.00 €; J ;150,000.00 €;2,000,000.00 €
KFZ00241;K00305;Y-X 301;P;30,000.00 €;20070106;29.08.2009;256.26 €;69.02 €;165.11 €;176%;70%;110%; -   € ;2,000.00 €; J ;150,000.00 €;2,000,000.00 €
KFZ00350;K99998;Y-X 157;P;30,000.00 €;20070106;16.12.2009;49.50 €;70.01 €;137.75 €;34%;71%;77%; -   € ;1,200.00 €; N ;150,000.00 €;2,000,000.00 €
KFZ00105;K00126;Y-X 42;S;60,000.00 €;20070107;15.04.2009;107.74 €;59.16 €;354.99 €;74%;60%;176%; -   € ;650.00 €; N ;150,000.00 €;2,000,000.00 €
KFZ00185;K00236;Y-X 76;S;60,000.00 €;20070108;04.07.2009;144.14 €;96.63 €;203.72 €;99%;98%;101%; -   € ;650.00 €; J ;150,000.00 €;2,000,000.00 €
KFZ00176;K00221;Y-X 73;V;37,500.00 €;20070109;25.06.2009;237.33 €;146.91 €;191.62 €;163%;149%;95%; -   € ;650.00 €; N ;150,000.00 €;2,000,000.00 €
KFZ00328;K00434;Y-X 135;S;60,000.00 €;20070110;24.11.2009;184.91 €;153.82 €;73.35 €;127%;156%;41%; -   € ;1,200.00 €; N ;150,000.00 €;2,000,000.00 €
KFZ00237;K00301;Y-X 297;C;50,000.00 €;20070113;25.08.2009;212.58 €;77.89 €;143.12 €;146%;79%;80%; -   € ;1,200.00 €; J ;150,000.00 €;2,000,000.00 €
KFZ00040;K00049;Y-X 179;S;60,000.00 €;20070114;09.02.2009;243.15 €;121.37 €;338.86 €;167%;155%;168%;300.00 €;650.00 €; N ;150,000.00 €;2,000,000.00 €
KFZ00041;K00050;Y-X 19;S;60,000.00 €;20070114;10.02.2009;199.47 €;70.99 €;246.07 €;137%;72%;122%; -   € ;650.00 €; J ;150,000.00 €;2,000,000.00 €
KFZ00097;K00118;Y-X 215;P;30,000.00 €;20070116;07.04.2009;65.52 €;77.89 €;119.00 €;45%;79%;59%; -   € ;650.00 €; N ;150,000.00 €;2,000,000.00 €
KFZ00273;K00354;Y-X 110;P;30,000.00 €;20070116;30.09.2009;183.46 €;81.84 €;259.67 €;126%;83%;173%; -   € ;2,000.00 €; N ;150,000.00 €;2,000,000.00 €
KFZ00299;K00386;Y-X 119;K;40,000.00 €;20070116;26.10.2009;251.89 €;34.45 €;227.20 €;173%;44%;127%;300.00 €;1,200.00 €; J ;150,000.00 €;2,000,000.00 €
KFZ00335;K00456;Y-X 142;V;37,500.00 €;20070116;01.12.2009;46.59 €;161.70 €;316.67 €;32%;164%;157%; -   € ;650.00 €; J ;150,000.00 €;2,000,000.00 €
KFZ00236;K00301;Y-X 97;K;40,000.00 €;20070117;24.08.2009;71.34 €;143.96 €;69.05 €;49%;146%;46%; -   € ;2,000.00 €; J ;150,000.00 €;2,000,000.00 €
KFZ00298;K00385;Y-X 337;P;30,000.00 €;20070117;25.10.2009;211.12 €;41.50 €;73.35 €;145%;53%;41%;300.00 €;1,200.00 €; N ;150,000.00 €;2,000,000.00 €
KFZ00245;K00310;Y-X 303;P;30,000.00 €;20070118;02.09.2009;55.33 €;38.45 €;493.33 €;38%;39%;176%; -   € ; -   € ; N ;150,000.00 €;2,000,000.00 €
KFZ00329;K00436;Y-X 136;S;60,000.00 €;20070118;25.11.2009;116.48 €;144.94 €;121.58 €;80%;147%;81%; -   € ;2,000.00 €; J ;150,000.00 €;2,000,000.00 €
KFZ00259;K00333;Y-X 104;P;30,000.00 €;20070119;16.09.2009;136.86 €;103.53 €;227.20 €;94%;105%;127%; -   € ;1,200.00 €; J ;150,000.00 €;2,000,000.00 €
KFZ00116;K00142;Y-X 224;P;30,000.00 €;20070120;26.04.2009;115.02 €;139.03 €;302.34 €;79%;141%;169%; -   € ;1,200.00 €; N ;150,000.00 €;2,000,000.00 €
KFZ00121;K00149;Y-X 228;S;60,000.00 €;20070120;01.05.2009;212.58 €;123.25 €;311.29 €;146%;125%;174%; -   € ;1,200.00 €; N ;150,000.00 €;2,000,000.00 €
KFZ00343;K00474;Y-X 150;K;40,000.00 €;20070120;09.12.2009;136.86 €;165.65 €;89.45 €;94%;168%;50%; -   € ;1,200.00 €; J ;150,000.00 €;2,000,000.00 €
KFZ00138;K00176;Y-X 238;P;30,000.00 €;20070121;18.05.2009;165.98 €;121.28 €;164.59 €;114%;123%;92%; -   € ;1,200.00 €; N ;150,000.00 €;2,000,000.00 €
KFZ00178;K00227;Y-X 74;P;30,000.00 €;20070122;27.06.2009;158.70 €;158.75 €;162.80 €;109%;161%;91%; -   € ;1,200.00 €; J ;150,000.00 €;2,000,000.00 €
KFZ00136;K00173;Y-X 57;S;60,000.00 €;20070123;16.05.2009;82.99 €;68.03 €;102.07 €;57%;69%;68%; -   € ;2,000.00 €; J ;150,000.00 €;2,000,000.00 €
KFZ00320;K00413;Y-X 350;V;37,500.00 €;20070123;16.11.2009;135.41 €;140.01 €;278.35 €;93%;142%;138%; -   € ;650.00 €; J ;150,000.00 €;2,000,000.00 €
KFZ00004;K00004;Y-X 159;P;30,000.00 €;20070124;04.01.2009;173.26 €;98.60 €;184.27 €;119%;100%;103%; -   € ;1,200.00 €; J ;150,000.00 €;2,000,000.00 €
KFZ00164;K00208;Y-X 254;P;30,000.00 €;20070124;13.06.2009;260.62 €;87.75 €;320.23 €;179%;89%;179%; -   € ;1,200.00 €; J ;150,000.00 €;2,000,000.00 €
KFZ00089;K00109;Y-X 210;S;60,000.00 €;20070125;30.03.2009;138.32 €;48.31 €;273.72 €;95%;49%;153%; -   € ;1,200.00 €; J ;150,000.00 €;2,000,000.00 €
KFZ00103;K00124;Y-X 219;K;40,000.00 €;20070125;13.04.2009;212.58 €;157.76 €;245.09 €;146%;160%;137%; -   € ;1,200.00 €; N ;150,000.00 €;2,000,000.00 €
KFZ00243;K00307;Y-X 302;P;30,000.00 €;20070127;31.08.2009;133.95 €;104.52 €;210.14 €;92%;106%;140%; -   € ;2,000.00 €; N ;150,000.00 €;2,000,000.00 €
KFZ00134;K00170;Y-X 56;S;60,000.00 €;20070128;14.05.2009;174.72 €;37.47 €;271.89 €;120%;38%;97%; -   € ; -   € ; N ;150,000.00 €;2,000,000.00 €
KFZ00274;K00355;Y-X 321;P;30,000.00 €;20070128;01.10.2009;49.50 €;57.19 €;155.64 €;34%;58%;87%; -   € ;1,200.00 €; J ;150,000.00 €;2,000,000.00 €
KFZ00209;K00267;Y-X 281;P;30,000.00 €;20070201;28.07.2009;221.31 €;123.25 €;121.02 €;152%;125%;60%; -   € ;650.00 €; N ;150,000.00 €;2,000,000.00 €
KFZ00027;K00033;Y-X 173;K;40,000.00 €;20070202;27.01.2009;241.70 €;78.30 €;135.09 €;166%;100%;90%;300.00 €;2,000.00 €; J ;150,000.00 €;2,000,000.00 €
KFZ00198;K00253;Y-X 81;S;60,000.00 €;20070202;17.07.2009;87.36 €;75.92 €;232.57 €;60%;77%;130%; -   € ;1,200.00 €; J ;150,000.00 €;2,000,000.00 €
KFZ00207;K00265;Y-X 85;V;37,500.00 €;20070202;26.07.2009;155.79 €;61.13 €;299.92 €;107%;62%;107%; -   € ; -   € ; J ;150,000.00 €;2,000,000.00 €
KFZ00294;K00381;Y-X 333;S;60,000.00 €;20070202;21.10.2009;101.92 €;172.55 €;114.97 €;70%;175%;57%; -   € ;650.00 €; J ;150,000.00 €;2,000,000.00 €
KFZ00003;K00003;Y-X 158;P;30,000.00 €;20070207;03.01.2009;149.97 €;57.19 €;145.22 €;103%;58%;72%; -   € ;650.00 €; J ;150,000.00 €;2,000,000.00 €
KFZ00147;K00184;Y-X 243;P;30,000.00 €;20070207;27.05.2009;167.44 €;29.58 €;178.90 €;115%;30%;100%; -   € ;1,200.00 €; N ;150,000.00 €;2,000,000.00 €
KFZ00212;K00271;Y-X 283;P;30,000.00 €;20070207;31.07.2009;97.55 €;50.11 €;78.72 €;67%;64%;44%;300.00 €;1,200.00 €; J ;150,000.00 €;2,000,000.00 €
KFZ00165;K00209;Y-X 68;P;30,000.00 €;20070208;14.06.2009;165.98 €;133.11 €;473.71 €;114%;135%;169%; -   € ; -   € ; N ;150,000.00 €;2,000,000.00 €
KFZ00312;K00401;Y-X 345;S;60,000.00 €;20070208;08.11.2009;53.87 €;84.80 €;112.71 €;37%;86%;63%; -   € ;1,200.00 €; J ;150,000.00 €;2,000,000.00 €
KFZ00205;K00263;Y-X 84;C;50,000.00 €;20070209;24.07.2009;82.99 €;140.01 €;121.65 €;57%;142%;68%; -   € ;1,200.00 €; J ;150,000.00 €;2,000,000.00 €
KFZ00282;K00362;Y-X 113;P;30,000.00 €;20070211;09.10.2009;55.33 €;108.46 €;185.56 €;38%;110%;92%; -   € ;650.00 €; N ;150,000.00 €;2,000,000.00 €
KFZ00047;K00056;Y-X 20;V;37,500.00 €;20070212;16.02.2009;241.70 €;95.64 €;300.53 €;166%;97%;149%; -   € ;650.00 €; J ;150,000.00 €;2,000,000.00 €
KFZ00230;K00296;Y-X 95;S;60,000.00 €;20070212;18.08.2009;128.13 €;162.69 €;334.82 €;88%;165%;166%; -   € ;650.00 €; N ;150,000.00 €;2,000,000.00 €
KFZ00064;K00080;Y-X 196;V;37,500.00 €;20070213;05.03.2009;192.19 €;117.33 €;286.24 €;132%;119%;160%; -   € ;1,200.00 €; J ;150,000.00 €;2,000,000.00 €
KFZ00295;K00382;Y-X 334;K;40,000.00 €;20070213;22.10.2009;183.46 €;37.58 €;86.89 €;126%;48%;31%;300.00 €; -   € ; N ;150,000.00 €;2,000,000.00 €
KFZ00344;K00481;Y-X 151;S;60,000.00 €;20070214;10.12.2009;170.35 €;40.43 €;207.52 €;117%;41%;116%; -   € ;1,200.00 €; N ;150,000.00 €;2,000,000.00 €
KFZ00013;K00018;Y-X 164;C;50,000.00 €;20070215;13.01.2009;87.36 €;101.56 €;76.65 €;60%;103%;38%; -   € ;650.00 €; J ;150,000.00 €;2,000,000.00 €
KFZ00059;K00071;Y-X 193;K;40,000.00 €;20070215;28.02.2009;200.93 €;117.33 €;311.29 €;138%;119%;174%; -   € ;1,200.00 €; J ;150,000.00 €;2,000,000.00 €
KFZ00096;K00117;Y-X 214;V;37,500.00 €;20070215;06.04.2009;222.77 €;164.66 €;253.67 €;153%;167%;169%; -   € ;2,000.00 €; J ;150,000.00 €;2,000,000.00 €
KFZ00242;K00306;Y-X 98;P;30,000.00 €;20070215;30.08.2009;126.67 €;173.54 €;185.00 €;87%;176%;66%; -   € ; -   € ; N ;150,000.00 €;2,000,000.00 €
KFZ00217;K00276;Y-X 287;S;60,000.00 €;20070224;05.08.2009;154.34 €;76.91 €;295.19 €;106%;78%;165%; -   € ;1,200.00 €; N ;150,000.00 €;2,000,000.00 €
KFZ00043;K00052;Y-X 181;K;40,000.00 €;20070226;12.02.2009;87.36 €;29.58 €;155.64 €;60%;30%;87%; -   € ;1,200.00 €; J ;150,000.00 €;2,000,000.00 €
KFZ00244;K00308;Y-X 99;P;30,000.00 €;20070226;01.09.2009;56.78 €;83.81 €;238.01 €;39%;85%;118%; -   € ;650.00 €; J ;150,000.00 €;2,000,000.00 €
KFZ00336;K00457;Y-X 143;V;37,500.00 €;20070227;02.12.2009;68.43 €;73.95 €;275.51 €;47%;75%;154%; -   € ;1,200.00 €; N ;150,000.00 €;2,000,000.00 €
KFZ00330;K00443;Y-X 137;P;30,000.00 €;20070229;26.11.2009;152.88 €;119.31 €;482.12 €;105%;121%;172%; -   € ; -   € ; N ;150,000.00 €;2,000,000.00 €
KFZ00223;K00284;Y-X 289;V;37,500.00 €;20070300;11.08.2009;81.54 €;126.21 €;378.41 €;56%;128%;135%; -   € ; -   € ; J ;150,000.00 €;2,000,000.00 €
KFZ00231;K00297;Y-X 293;K;40,000.00 €;20070300;19.08.2009;208.21 €;42.40 €;219.85 €;143%;43%;109%; -   € ;650.00 €; N ;150,000.00 €;2,000,000.00 €
KFZ00283;K00362;Y-X 327;K;40,000.00 €;20070300;10.10.2009;165.98 €;134.10 €;173.53 €;114%;136%;97%; -   € ;1,200.00 €; N ;150,000.00 €;2,000,000.00 €
KFZ00021;K00027;Y-X 8;P;30,000.00 €;20070302;21.01.2009;200.93 €;150.86 €;169.96 €;138%;153%;95%; -   € ;1,200.00 €; J ;150,000.00 €;2,000,000.00 €
KFZ00313;K00405;Y-X 125;S;60,000.00 €;20070302;09.11.2009;235.87 €;107.47 €;102.07 €;162%;109%;68%; -   € ;2,000.00 €; J ;150,000.00 €;2,000,000.00 €
KFZ00171;K00216;Y-X 72;K;40,000.00 €;20070305;20.06.2009;53.87 €;155.79 €;266.56 €;37%;158%;149%; -   € ;1,200.00 €; N ;150,000.00 €;2,000,000.00 €
KFZ00085;K00103;Y-X 208;P;30,000.00 €;20070306;26.03.2009;167.44 €;65.08 €;212.89 €;115%;66%;119%; -   € ;1,200.00 €; J ;150,000.00 €;2,000,000.00 €
KFZ00201;K00259;Y-X 82;S;60,000.00 €;20070306;20.07.2009;227.14 €;114.38 €;308.60 €;156%;116%;153%; -   € ;650.00 €; N ;150,000.00 €;2,000,000.00 €
KFZ00218;K00278;Y-X 88;P;30,000.00 €;20070306;06.08.2009;131.04 €;147.90 €;75.14 €;90%;150%;42%; -   € ;1,200.00 €; N ;150,000.00 €;2,000,000.00 €
KFZ00075;K00092;Y-X 202;K;40,000.00 €;20070307;16.03.2009;189.28 €;143.96 €;336.36 €;130%;146%;120%; -   € ; -   € ; J ;150,000.00 €;2,000,000.00 €
KFZ00048;K00059;Y-X 185;V;37,500.00 €;20070308;17.02.2009;168.90 €;146.91 €;64.40 €;116%;149%;36%; -   € ;1,200.00 €; J ;150,000.00 €;2,000,000.00 €
KFZ00325;K00423;Y-X 132;P;30,000.00 €;20070309;21.11.2009;81.54 €;154.80 €;191.42 €;56%;157%;107%; -   € ;1,200.00 €; N ;150,000.00 €;2,000,000.00 €
KFZ00342;K00472;Y-X 149;S;60,000.00 €;20070309;08.12.2009;224.22 €;150.86 €;245.09 €;154%;153%;137%; -   € ;1,200.00 €; J ;150,000.00 €;2,000,000.00 €
KFZ00172;K00216;Y-X 257;K;40,000.00 €;20070310;21.06.2009;61.15 €;110.43 €;284.40 €;42%;112%;141%; -   € ;650.00 €; J ;150,000.00 €;2,000,000.00 €
KFZ00337;K00459;Y-X 144;P;30,000.00 €;20070310;03.12.2009;195.10 €;133.11 €;175.32 €;134%;135%;98%; -   € ;1,200.00 €; N ;150,000.00 €;2,000,000.00 €
KFZ00017;K00023;Y-X 168;P;30,000.00 €;20070312;17.01.2009;52.42 €;43.38 €;82.56 €;36%;44%;55%; -   € ;2,000.00 €; N ;150,000.00 €;2,000,000.00 €
KFZ00170;K00215;Y-X 256;P;30,000.00 €;20070312;19.06.2009;94.64 €;89.73 €;91.24 €;65%;91%;51%; -   € ;1,200.00 €; J ;150,000.00 €;2,000,000.00 €
KFZ00090;K00110;Y-X 211;P;30,000.00 €;20070318;31.03.2009;72.80 €;149.87 €;69.77 €;50%;152%;39%; -   € ;1,200.00 €; J ;150,000.00 €;2,000,000.00 €
KFZ00052;K00064;Y-X 22;P;30,000.00 €;20070319;21.02.2009;74.26 €;117.33 €;288.43 €;51%;119%;143%; -   € ;650.00 €; N ;150,000.00 €;2,000,000.00 €
KFZ00288;K00369;Y-X 116;V;37,500.00 €;20070321;15.10.2009;251.89 €;128.18 €;296.50 €;173%;130%;147%; -   € ;650.00 €; N ;150,000.00 €;2,000,000.00 €
KFZ00014;K00019;Y-X 165;P;30,000.00 €;20070322;14.01.2009;80.08 €;58.17 €;181.62 €;55%;59%;121%; -   € ;2,000.00 €; J ;150,000.00 €;2,000,000.00 €
KFZ00142;K00180;Y-X 241;P;30,000.00 €;20070322;22.05.2009;119.39 €;63.10 €;99.07 €;82%;64%;66%; -   € ;2,000.00 €; N ;150,000.00 €;2,000,000.00 €
KFZ00054;K00065;Y-X 188;S;60,000.00 €;20070325;23.02.2009;254.80 €;156.77 €;250.46 €;175%;159%;140%; -   € ;1,200.00 €; N ;150,000.00 €;2,000,000.00 €
KFZ00083;K00100;Y-X 207;P;30,000.00 €;20070325;24.03.2009;123.76 €;93.67 €;151.60 €;85%;95%;101%; -   € ;2,000.00 €; J ;150,000.00 €;2,000,000.00 €
KFZ00133;K00167;Y-X 55;P;30,000.00 €;20070327;13.05.2009;122.30 €;36.48 €;86.73 €;84%;37%;43%; -   € ;650.00 €; N ;150,000.00 €;2,000,000.00 €
KFZ00195;K00247;Y-X 272;P;30,000.00 €;20070328;14.07.2009;246.06 €;41.41 €;231.15 €;169%;42%;154%; -   € ;2,000.00 €; J ;150,000.00 €;2,000,000.00 €
KFZ00338;K00460;Y-X 145;P;30,000.00 €;20070328;04.12.2009;103.38 €;116.35 €;78.72 €;71%;118%;44%; -   € ;1,200.00 €; N ;150,000.00 €;2,000,000.00 €
KFZ00111;K00132;Y-X 223;V;37,500.00 €;20070401;21.04.2009;75.71 €;110.43 €;88.75 €;52%;112%;44%; -   € ;650.00 €; J ;150,000.00 €;2,000,000.00 €
KFZ00296;K00383;Y-X 335;S;60,000.00 €;20070401;23.10.2009;139.78 €;55.59 €;98.40 €;96%;71%;55%;300.00 €;1,200.00 €; N ;150,000.00 €;2,000,000.00 €
KFZ00088;K00106;Y-X 36;S;60,000.00 €;20070403;29.03.2009;66.98 €;162.69 €;214.68 €;46%;165%;120%; -   € ;1,200.00 €; J ;150,000.00 €;2,000,000.00 €
KFZ00035;K00042;Y-X 16;P;30,000.00 €;20070404;04.02.2009;147.06 €;55.22 €;109.57 €;101%;56%;73%; -   € ;2,000.00 €; J ;150,000.00 €;2,000,000.00 €
KFZ00256;K00329;Y-X 310;V;37,500.00 €;20070404;13.09.2009;107.74 €;128.18 €;216.14 €;74%;130%;144%; -   € ;2,000.00 €; N ;150,000.00 €;2,000,000.00 €
KFZ00304;K00391;Y-X 123;V;37,500.00 €;20070404;31.10.2009;93.18 €;101.56 €;213.80 €;64%;103%;106%; -   € ;650.00 €; J ;150,000.00 €;2,000,000.00 €
KFZ00316;K00410;Y-X 347;K;40,000.00 €;20070404;12.11.2009;147.06 €;170.58 €;52.54 €;101%;173%;35%; -   € ;2,000.00 €; J ;150,000.00 €;2,000,000.00 €
KFZ00175;K00219;Y-X 260;V;37,500.00 €;20070405;24.06.2009;238.78 €;63.10 €;143.21 €;164%;64%;71%; -   € ;650.00 €; J ;150,000.00 €;2,000,000.00 €
KFZ00275;K00356;Y-X 322;P;30,000.00 €;20070405;02.10.2009;212.58 €;94.74 €;207.75 €;146%;121%;103%;300.00 €;650.00 €; J ;150,000.00 €;2,000,000.00 €
KFZ00087;K00104;Y-X 209;K;40,000.00 €;20070407;28.03.2009;96.10 €;149.87 €;89.45 €;66%;152%;50%; -   € ;1,200.00 €; N ;150,000.00 €;2,000,000.00 €
KFZ00012;K00017;Y-X 163;K;40,000.00 €;20070409;12.01.2009;203.84 €;36.48 €;63.04 €;140%;37%;42%; -   € ;2,000.00 €; N ;150,000.00 €;2,000,000.00 €
KFZ00050;K00061;Y-X 186;P;30,000.00 €;20070409;19.02.2009;176.18 €;68.03 €;298.52 €;121%;69%;148%; -   € ;650.00 €; J ;150,000.00 €;2,000,000.00 €
KFZ00066;K00081;Y-X 197;P;30,000.00 €;20070409;07.03.2009;152.88 €;23.49 €;123.08 €;105%;30%;82%;300.00 €;2,000.00 €; N ;150,000.00 €;2,000,000.00 €
KFZ00104;K00125;Y-X 220;S;60,000.00 €;20070412;14.04.2009;46.59 €;142.97 €;84.71 €;32%;145%;42%; -   € ;650.00 €; J ;150,000.00 €;2,000,000.00 €
KFZ00070;K00085;Y-X 27;S;60,000.00 €;20070413;11.03.2009;151.42 €;126.85 €;178.90 €;104%;162%;100%;300.00 €;1,200.00 €; N ;150,000.00 €;2,000,000.00 €
KFZ00150;K00188;Y-X 62;S;60,000.00 €;20070414;30.05.2009;43.68 €;53.24 €;235.99 €;30%;54%;117%; -   € ;650.00 €; N ;150,000.00 €;2,000,000.00 €
KFZ00249;K00320;Y-X 305;S;60,000.00 €;20070416;06.09.2009;227.14 €;154.80 €;73.35 €;156%;157%;41%; -   € ;1,200.00 €; N ;150,000.00 €;2,000,000.00 €
KFZ00278;K00358;Y-X 112;S;60,000.00 €;20070418;05.10.2009;246.06 €;56.20 €;118.07 €;169%;57%;66%; -   € ;1,200.00 €; N ;150,000.00 €;2,000,000.00 €
KFZ00326;K00427;Y-X 133;S;60,000.00 €;20070418;22.11.2009;103.38 €;137.05 €;132.39 €;71%;139%;74%; -   € ;1,200.00 €; J ;150,000.00 €;2,000,000.00 €
KFZ00193;K00246;Y-X 271;P;30,000.00 €;20070419;12.07.2009;101.92 €;49.30 €;479.31 €;70%;50%;171%; -   € ; -   € ; N ;150,000.00 €;2,000,000.00 €
KFZ00051;K00063;Y-X 187;P;30,000.00 €;20070420;20.02.2009;120.85 €;56.20 €;105.55 €;83%;57%;59%; -   € ;1,200.00 €; N ;150,000.00 €;2,000,000.00 €
KFZ00287;K00368;Y-X 329;V;37,500.00 €;20070425;14.10.2009;68.43 €;168.61 €;184.27 €;47%;171%;103%; -   € ;1,200.00 €; J ;150,000.00 €;2,000,000.00 €
KFZ00061;K00075;Y-X 194;C;50,000.00 €;20070426;02.03.2009;46.59 €;39.44 €;257.62 €;32%;40%;144%; -   € ;1,200.00 €; J ;150,000.00 €;2,000,000.00 €
KFZ00002;K00003;Y-X 2;P;30,000.00 €;20070428;02.01.2009;139.78 €;41.41 €;189.60 €;96%;42%;94%; -   € ;650.00 €; N ;150,000.00 €;2,000,000.00 €
KFZ00042;K00051;Y-X 180;P;30,000.00 €;20070428;11.02.2009;174.72 €;141.00 €;53.67 €;120%;143%;30%; -   € ;1,200.00 €; J ;150,000.00 €;2,000,000.00 €
KFZ00032;K00039;Y-X 14;V;37,500.00 €;20070429;01.02.2009;110.66 €;77.89 €;143.21 €;76%;79%;71%; -   € ;650.00 €; N ;150,000.00 €;2,000,000.00 €
KFZ00067;K00082;Y-X 198;P;30,000.00 €;20070429;08.03.2009;148.51 €;105.71 €;309.50 €;102%;135%;173%;300.00 €;1,200.00 €; N ;150,000.00 €;2,000,000.00 €
KFZ00065;K00081;Y-X 26;P;30,000.00 €;20070501;06.03.2009;53.87 €;115.88 €;84.71 €;37%;148%;42%;300.00 €;650.00 €; N ;150,000.00 €;2,000,000.00 €
KFZ00099;K00121;Y-X 216;P;30,000.00 €;20070501;09.04.2009;192.19 €;30.57 €;106.90 €;132%;31%;53%; -   € ;650.00 €; J ;150,000.00 €;2,000,000.00 €
KFZ00076;K00093;Y-X 31;K;40,000.00 €;20070502;17.03.2009;208.21 €;120.29 €;79.55 €;143%;122%;53%; -   € ;2,000.00 €; N ;150,000.00 €;2,000,000.00 €
KFZ00348;K00503;Y-X 155;K;40,000.00 €;20070502;14.12.2009;237.33 €;53.24 €;334.82 €;163%;54%;166%; -   € ;650.00 €; N ;150,000.00 €;2,000,000.00 €
KFZ00024;K00029;Y-X 172;S;60,000.00 €;20070503;24.01.2009;248.98 €;29.58 €;78.72 €;171%;30%;44%; -   € ;1,200.00 €; J ;150,000.00 €;2,000,000.00 €
KFZ00180;K00231;Y-X 75;P;30,000.00 €;20070503;29.06.2009;112.11 €;164.66 €;252.17 €;77%;167%;168%; -   € ;2,000.00 €; J ;150,000.00 €;2,000,000.00 €
KFZ00117;K00144;Y-X 50;P;30,000.00 €;20070505;27.04.2009;117.94 €;96.63 €;278.35 €;81%;98%;138%; -   € ;650.00 €; J ;150,000.00 €;2,000,000.00 €
KFZ00186;K00236;Y-X 267;P;30,000.00 €;20070506;05.07.2009;120.85 €;39.93 €;132.39 €;83%;51%;74%;300.00 €;1,200.00 €; J ;150,000.00 €;2,000,000.00 €
KFZ00257;K00330;Y-X 311;P;30,000.00 €;20070506;14.09.2009;132.50 €;141.00 €;187.80 €;91%;143%;67%; -   € ; -   € ; N ;150,000.00 €;2,000,000.00 €
KFZ00323;K00417;Y-X 130;P;30,000.00 €;20070506;19.11.2009;199.47 €;85.78 €;320.70 €;137%;87%;159%; -   € ;650.00 €; N ;150,000.00 €;2,000,000.00 €
KFZ00333;K00449;Y-X 140;C;50,000.00 €;20070506;29.11.2009;115.02 €;63.10 €;60.04 €;79%;64%;40%; -   € ;2,000.00 €; N ;150,000.00 €;2,000,000.00 €
KFZ00322;K00416;Y-X 129;P;30,000.00 €;20070508;18.11.2009;237.33 €;91.70 €;151.60 €;163%;93%;101%; -   € ;2,000.00 €; J ;150,000.00 €;2,000,000.00 €
KFZ00053;K00065;Y-X 23;P;30,000.00 €;20070511;22.02.2009;122.30 €;142.97 €;57.04 €;84%;145%;38%; -   € ;2,000.00 €; J ;150,000.00 €;2,000,000.00 €
KFZ00123;K00151;Y-X 51;K;40,000.00 €;20070511;03.05.2009;176.18 €;169.59 €;178.62 €;121%;172%;119%; -   € ;2,000.00 €; J ;150,000.00 €;2,000,000.00 €
KFZ00160;K00205;Y-X 252;V;37,500.00 €;20070511;09.06.2009;78.62 €;61.13 €;261.17 €;54%;62%;174%; -   € ;2,000.00 €; N ;150,000.00 €;2,000,000.00 €
KFZ00341;K00471;Y-X 148;P;30,000.00 €;20070511;07.12.2009;186.37 €;135.08 €;311.13 €;128%;137%;111%; -   € ; -   € ; N ;150,000.00 €;2,000,000.00 €
KFZ00006;K00006;Y-X 4;S;60,000.00 €;20070513;06.01.2009;149.97 €;99.59 €;320.23 €;103%;101%;179%; -   € ;1,200.00 €; J ;150,000.00 €;2,000,000.00 €
KFZ00279;K00359;Y-X 324;K;40,000.00 €;20070513;06.10.2009;64.06 €;166.63 €;168.17 €;44%;169%;94%; -   € ;1,200.00 €; N ;150,000.00 €;2,000,000.00 €
KFZ00126;K00154;Y-X 232;P;30,000.00 €;20070515;06.05.2009;241.70 €;90.71 €;196.79 €;166%;92%;110%; -   € ;1,200.00 €; J ;150,000.00 €;2,000,000.00 €
KFZ00258;K00332;Y-X 312;P;30,000.00 €;20070515;15.09.2009;230.05 €;142.97 €;171.74 €;158%;145%;96%; -   € ;1,200.00 €; N ;150,000.00 €;2,000,000.00 €
KFZ00109;K00130;Y-X 45;C;50,000.00 €;20070517;19.04.2009;72.80 €;35.50 €;103.57 €;50%;36%;69%; -   € ;2,000.00 €; J ;150,000.00 €;2,000,000.00 €
KFZ00122;K00150;Y-X 229;P;30,000.00 €;20070517;02.05.2009;218.40 €;145.93 €;434.47 €;150%;148%;155%; -   € ; -   € ; J ;150,000.00 €;2,000,000.00 €
KFZ00228;K00294;Y-X 94;P;30,000.00 €;20070517;16.08.2009;167.44 €;145.93 €;274.31 €;115%;148%;136%; -   € ;650.00 €; N ;150,000.00 €;2,000,000.00 €
KFZ00073;K00090;Y-X 30;S;60,000.00 €;20070519;14.03.2009;149.97 €;97.61 €;161.01 €;103%;99%;90%; -   € ;1,200.00 €; N ;150,000.00 €;2,000,000.00 €
KFZ00157;K00202;Y-X 65;C;50,000.00 €;20070519;06.06.2009;120.85 €;83.00 €;117.08 €;83%;106%;78%;300.00 €;2,000.00 €; N ;150,000.00 €;2,000,000.00 €
KFZ00208;K00265;Y-X 280;V;37,500.00 €;20070519;27.07.2009;193.65 €;78.88 €;271.93 €;133%;80%;152%; -   € ;1,200.00 €; J ;150,000.00 €;2,000,000.00 €
KFZ00271;K00351;Y-X 319;V;37,500.00 €;20070520;28.09.2009;123.76 €;168.61 €;258.17 €;85%;171%;172%; -   € ;2,000.00 €; N ;150,000.00 €;2,000,000.00 €
KFZ00291;K00376;Y-X 117;P;30,000.00 €;20070520;18.10.2009;192.19 €;51.27 €;234.36 €;132%;52%;131%; -   € ;1,200.00 €; N ;150,000.00 €;2,000,000.00 €
KFZ00069;K00084;Y-X 200;P;30,000.00 €;20070521;10.03.2009;167.44 €;81.84 €;156.10 €;115%;83%;104%; -   € ;2,000.00 €; N ;150,000.00 €;2,000,000.00 €
KFZ00179;K00230;Y-X 262;P;30,000.00 €;20070521;28.06.2009;109.20 €;169.59 €;266.56 €;75%;172%;149%; -   € ;1,200.00 €; J ;150,000.00 €;2,000,000.00 €
KFZ00082;K00099;Y-X 206;P;30,000.00 €;20070522;23.03.2009;192.19 €;164.66 €;211.64 €;132%;167%;141%; -   € ;2,000.00 €; N ;150,000.00 €;2,000,000.00 €
KFZ00246;K00313;Y-X 100;S;60,000.00 €;20070524;03.09.2009;113.57 €;51.27 €;298.52 €;78%;52%;148%; -   € ;650.00 €; N ;150,000.00 €;2,000,000.00 €
KFZ00215;K00274;Y-X 285;K;40,000.00 €;20070526;03.08.2009;171.81 €;101.56 €;318.44 €;118%;103%;178%; -   € ;1,200.00 €; N ;150,000.00 €;2,000,000.00 €
KFZ00349;K00507;Y-X 156;C;50,000.00 €;20070526;15.12.2009;74.26 €;166.63 €;236.15 €;51%;169%;132%; -   € ;1,200.00 €; N ;150,000.00 €;2,000,000.00 €
KFZ00131;K00163;Y-X 235;P;30,000.00 €;20070527;11.05.2009;165.98 €;107.47 €;107.34 €;114%;109%;60%; -   € ;1,200.00 €; N ;150,000.00 €;2,000,000.00 €
KFZ00203;K00261;Y-X 83;K;40,000.00 €;20070527;22.07.2009;78.62 €;83.81 €;243.30 €;54%;85%;136%; -   € ;1,200.00 €; J ;150,000.00 €;2,000,000.00 €
KFZ00007;K00007;Y-X 5;K;40,000.00 €;20070528;07.01.2009;52.42 €;39.15 €;357.01 €;36%;50%;177%;300.00 €;650.00 €; J ;150,000.00 €;2,000,000.00 €
KFZ00290;K00370;Y-X 331;P;30,000.00 €;20070529;17.10.2009;119.39 €;158.75 €;238.66 €;82%;161%;159%; -   € ;2,000.00 €; N ;150,000.00 €;2,000,000.00 €
KFZ00292;K00379;Y-X 332;P;30,000.00 €;20070600;19.10.2009;78.62 €;122.26 €;155.64 €;54%;124%;87%; -   € ;1,200.00 €; N ;150,000.00 €;2,000,000.00 €
KFZ00030;K00037;Y-X 174;P;30,000.00 €;20070601;30.01.2009;71.34 €;57.19 €;87.66 €;49%;58%;49%; -   € ;1,200.00 €; N ;150,000.00 €;2,000,000.00 €
KFZ00119;K00147;Y-X 226;K;40,000.00 €;20070601;29.04.2009;235.87 €;113.39 €;162.80 €;162%;115%;91%; -   € ;1,200.00 €; J ;150,000.00 €;2,000,000.00 €
KFZ00300;K00388;Y-X 120;K;40,000.00 €;20070606;27.10.2009;243.15 €;104.14 €;134.18 €;167%;133%;75%;300.00 €;1,200.00 €; N ;150,000.00 €;2,000,000.00 €
KFZ00251;K00322;Y-X 102;K;40,000.00 €;20070608;08.09.2009;100.46 €;159.73 €;137.75 €;69%;162%;77%; -   € ;1,200.00 €; J ;150,000.00 €;2,000,000.00 €
KFZ00260;K00333;Y-X 313;P;30,000.00 €;20070608;17.09.2009;253.34 €;39.44 €;286.24 €;174%;40%;160%; -   € ;1,200.00 €; J ;150,000.00 €;2,000,000.00 €
KFZ00306;K00393;Y-X 340;P;30,000.00 €;20070608;02.11.2009;205.30 €;58.17 €;265.68 €;141%;59%;177%; -   € ;2,000.00 €; J ;150,000.00 €;2,000,000.00 €
KFZ00163;K00208;Y-X 67;P;30,000.00 €;20070609;12.06.2009;187.82 €;82.82 €;313.94 €;129%;84%;112%; -   € ; -   € ; J ;150,000.00 €;2,000,000.00 €
KFZ00129;K00158;Y-X 234;P;30,000.00 €;20070610;09.05.2009;65.52 €;59.16 €;216.14 €;45%;60%;144%; -   € ;2,000.00 €; N ;150,000.00 €;2,000,000.00 €
KFZ00340;K00470;Y-X 147;P;30,000.00 €;20070610;06.12.2009;119.39 €;176.49 €;229.94 €;82%;179%;114%; -   € ;650.00 €; J ;150,000.00 €;2,000,000.00 €
KFZ00031;K00038;Y-X 175;V;37,500.00 €;20070611;31.01.2009;158.70 €;62.12 €;262.21 €;109%;63%;130%; -   € ;650.00 €; J ;150,000.00 €;2,000,000.00 €
KFZ00263;K00336;Y-X 106;K;40,000.00 €;20070611;20.09.2009;90.27 €;66.06 €;204.14 €;62%;67%;136%; -   € ;2,000.00 €; J ;150,000.00 €;2,000,000.00 €
KFZ00009;K00009;Y-X 161;S;60,000.00 €;20070612;09.01.2009;171.81 €;143.96 €;73.35 €;118%;146%;41%; -   € ;1,200.00 €; J ;150,000.00 €;2,000,000.00 €
KFZ00224;K00286;Y-X 290;V;37,500.00 €;20070612;12.08.2009;109.20 €;45.36 €;138.09 €;75%;46%;92%; -   € ;2,000.00 €; J ;150,000.00 €;2,000,000.00 €
KFZ00199;K00255;Y-X 275;K;40,000.00 €;20070616;18.07.2009;240.24 €;86.77 €;470.90 €;165%;88%;168%; -   € ; -   € ; J ;150,000.00 €;2,000,000.00 €
KFZ00156;K00201;Y-X 249;K;40,000.00 €;20070617;05.06.2009;237.33 €;103.53 €;263.48 €;163%;105%;94%; -   € ; -   € ; N ;150,000.00 €;2,000,000.00 €
KFZ00036;K00042;Y-X 177;P;30,000.00 €;20070619;05.02.2009;91.73 €;77.89 €;69.77 €;63%;79%;39%; -   € ;1,200.00 €; J ;150,000.00 €;2,000,000.00 €
KFZ00174;K00218;Y-X 259;P;30,000.00 €;20070619;23.06.2009;117.94 €;126.21 €;171.74 €;81%;128%;96%; -   € ;1,200.00 €; N ;150,000.00 €;2,000,000.00 €
KFZ00253;K00326;Y-X 307;C;50,000.00 €;20070619;10.09.2009;171.81 €;106.49 €;143.12 €;118%;108%;80%; -   € ;1,200.00 €; J ;150,000.00 €;2,000,000.00 €
KFZ00125;K00153;Y-X 231;C;50,000.00 €;20070620;05.05.2009;69.89 €;107.47 €;357.01 €;48%;109%;177%; -   € ;650.00 €; N ;150,000.00 €;2,000,000.00 €
KFZ00233;K00299;Y-X 295;S;60,000.00 €;20070621;21.08.2009;205.30 €;74.94 €;148.49 €;141%;76%;83%; -   € ;1,200.00 €; J ;150,000.00 €;2,000,000.00 €
KFZ00347;K00497;Y-X 154;K;40,000.00 €;20070621;13.12.2009;97.55 €;63.42 €;141.09 €;67%;81%;94%;300.00 €;2,000.00 €; N ;150,000.00 €;2,000,000.00 €
KFZ00079;K00096;Y-X 204;V;37,500.00 €;20070623;20.03.2009;61.15 €;48.31 €;218.26 €;42%;49%;122%; -   € ;1,200.00 €; J ;150,000.00 €;2,000,000.00 €
KFZ00113;K00140;Y-X 47;P;30,000.00 €;20070624;23.04.2009;128.13 €;161.70 €;205.73 €;88%;164%;102%; -   € ;650.00 €; N ;150,000.00 €;2,000,000.00 €
KFZ00216;K00275;Y-X 286;S;60,000.00 €;20070624;04.08.2009;193.65 €;42.40 €;327.95 €;133%;43%;117%; -   € ; -   € ; N ;150,000.00 €;2,000,000.00 €
KFZ00267;K00342;Y-X 108;K;40,000.00 €;20070626;24.09.2009;144.14 €;54.23 €;268.35 €;99%;55%;150%; -   € ;1,200.00 €; N ;150,000.00 €;2,000,000.00 €
KFZ00286;K00367;Y-X 328;P;30,000.00 €;20070627;13.10.2009;253.34 €;62.12 €;182.48 €;174%;63%;102%; -   € ;1,200.00 €; N ;150,000.00 €;2,000,000.00 €
KFZ00062;K00077;Y-X 195;P;30,000.00 €;20070628;03.03.2009;163.07 €;48.31 €;223.65 €;112%;49%;149%; -   € ;2,000.00 €; N ;150,000.00 €;2,000,000.00 €
KFZ00167;K00210;Y-X 255;K;40,000.00 €;20070628;16.06.2009;145.60 €;79.87 €;76.65 €;100%;81%;38%; -   € ;650.00 €; J ;150,000.00 €;2,000,000.00 €
KFZ00308;K00396;Y-X 341;P;30,000.00 €;20070628;04.11.2009;243.15 €;141.98 €;96.61 €;167%;144%;54%; -   € ;1,200.00 €; J ;150,000.00 €;2,000,000.00 €
KFZ00280;K00360;Y-X 325;S;60,000.00 €;20070629;07.10.2009;88.82 €;79.87 €;442.87 €;61%;81%;158%; -   € ; -   € ; N ;150,000.00 €;2,000,000.00 €
KFZ00192;K00245;Y-X 270;V;37,500.00 €;20070701;11.07.2009;192.19 €;115.36 €;473.71 €;132%;117%;169%; -   € ; -   € ; J ;150,000.00 €;2,000,000.00 €
KFZ00309;K00397;Y-X 342;P;30,000.00 €;20070701;05.11.2009;55.33 €;73.95 €;236.15 €;38%;75%;132%; -   € ;1,200.00 €; N ;150,000.00 €;2,000,000.00 €
KFZ00149;K00187;Y-X 245;P;30,000.00 €;20070702;29.05.2009;237.33 €;91.70 €;294.48 €;163%;93%;146%; -   € ;650.00 €; N ;150,000.00 €;2,000,000.00 €
KFZ00345;K00485;Y-X 152;S;60,000.00 €;20070702;11.12.2009;240.24 €;90.71 €;153.29 €;165%;92%;76%; -   € ;650.00 €; J ;150,000.00 €;2,000,000.00 €
KFZ00034;K00040;Y-X 15;P;30,000.00 €;20070703;03.02.2009;168.90 €;68.03 €;203.72 €;116%;69%;101%; -   € ;650.00 €; N ;150,000.00 €;2,000,000.00 €
KFZ00056;K00067;Y-X 190;S;60,000.00 €;20070704;25.02.2009;173.26 €;73.95 €;249.47 €;119%;75%;89%; -   € ; -   € ; J ;150,000.00 €;2,000,000.00 €
KFZ00247;K00315;Y-X 304;K;40,000.00 €;20070706;04.09.2009;109.20 €;146.91 €;107.34 €;75%;149%;60%; -   € ;1,200.00 €; J ;150,000.00 €;2,000,000.00 €
KFZ00248;K00320;Y-X 101;S;60,000.00 €;20070707;05.09.2009;184.91 €;134.10 €;155.64 €;127%;136%;87%; -   € ;1,200.00 €; J ;150,000.00 €;2,000,000.00 €
KFZ00114;K00141;Y-X 48;P;30,000.00 €;20070708;24.04.2009;222.77 €;173.54 €;170.98 €;153%;176%;61%; -   € ; -   € ; J ;150,000.00 €;2,000,000.00 €
KFZ00019;K00025;Y-X 169;P;30,000.00 €;20070709;19.01.2009;179.09 €;39.44 €;197.67 €;123%;40%;98%; -   € ;650.00 €; N ;150,000.00 €;2,000,000.00 €
KFZ00332;K00445;Y-X 139;K;40,000.00 €;20070711;28.11.2009;165.98 €;111.42 €;71.56 €;114%;113%;40%; -   € ;1,200.00 €; N ;150,000.00 €;2,000,000.00 €
KFZ00229;K00294;Y-X 292;P;30,000.00 €;20070712;17.08.2009;182.00 €;157.76 €;412.04 €;125%;160%;147%; -   € ; -   € ; J ;150,000.00 €;2,000,000.00 €
KFZ00095;K00115;Y-X 39;V;37,500.00 €;20070714;05.04.2009;66.98 €;171.56 €;96.61 €;46%;174%;54%; -   € ;1,200.00 €; N ;150,000.00 €;2,000,000.00 €
KFZ00137;K00175;Y-X 237;S;60,000.00 €;20070714;17.05.2009;205.30 €;110.43 €;100.85 €;141%;112%;50%; -   € ;650.00 €; N ;150,000.00 €;2,000,000.00 €
KFZ00261;K00334;Y-X 314;P;30,000.00 €;20070714;18.09.2009;160.16 €;100.57 €;131.11 €;110%;102%;65%; -   € ;650.00 €; J ;150,000.00 €;2,000,000.00 €
KFZ00297;K00384;Y-X 336;S;60,000.00 €;20070715;24.10.2009;243.15 €;29.75 €;142.60 €;167%;38%;95%;300.00 €;2,000.00 €; J ;150,000.00 €;2,000,000.00 €
KFZ00213;K00273;Y-X 284;P;30,000.00 €;20070716;01.08.2009;228.59 €;75.95 €;96.06 €;157%;97%;64%;300.00 €;2,000.00 €; J ;150,000.00 €;2,000,000.00 €
KFZ00005;K00005;Y-X 3;P;30,000.00 €;20070718;05.01.2009;186.37 €;40.43 €;326.75 €;128%;41%;162%; -   € ;650.00 €; N ;150,000.00 €;2,000,000.00 €
KFZ00135;K00171;Y-X 236;K;40,000.00 €;20070721;15.05.2009;235.87 €;137.05 €;79.55 €;162%;139%;53%; -   € ;2,000.00 €; J ;150,000.00 €;2,000,000.00 €
KFZ00045;K00054;Y-X 183;C;50,000.00 €;20070722;14.02.2009;208.21 €;134.10 €;112.95 €;143%;136%;56%; -   € ;650.00 €; J ;150,000.00 €;2,000,000.00 €
KFZ00071;K00086;Y-X 28;K;40,000.00 €;20070722;12.03.2009;195.10 €;109.45 €;171.11 €;134%;111%;114%; -   € ;2,000.00 €; J ;150,000.00 €;2,000,000.00 €
KFZ00232;K00298;Y-X 294;S;60,000.00 €;20070724;20.08.2009;222.77 €;131.54 €;493.33 €;153%;168%;176%;300.00 €; -   € ; N ;150,000.00 €;2,000,000.00 €
KFZ00018;K00024;Y-X 7;P;30,000.00 €;20070725;18.01.2009;246.06 €;52.26 €;255.17 €;169%;53%;170%; -   € ;2,000.00 €; J ;150,000.00 €;2,000,000.00 €
KFZ00277;K00357;Y-X 323;P;30,000.00 €;20070726;04.10.2009;131.04 €;141.00 €;94.80 €;90%;143%;47%; -   € ;650.00 €; J ;150,000.00 €;2,000,000.00 €
KFZ00252;K00325;Y-X 103;K;40,000.00 €;20070727;09.09.2009;214.03 €;97.61 €;221.87 €;147%;99%;110%; -   € ;650.00 €; N ;150,000.00 €;2,000,000.00 €
KFZ00324;K00420;Y-X 131;P;30,000.00 €;20070727;20.11.2009;228.59 €;100.57 €;282.38 €;157%;102%;140%; -   € ;650.00 €; J ;150,000.00 €;2,000,000.00 €
KFZ00015;K00020;Y-X 166;V;37,500.00 €;20070728;15.01.2009;209.66 €;115.36 €;129.09 €;144%;117%;64%; -   € ;650.00 €; N ;150,000.00 €;2,000,000.00 €
KFZ00301;K00389;Y-X 121;C;50,000.00 €;20070801;28.10.2009;84.45 €;156.77 €;211.10 €;58%;159%;118%; -   € ;1,200.00 €; N ;150,000.00 €;2,000,000.00 €
KFZ00307;K00394;Y-X 124;P;30,000.00 €;20070801;03.11.2009;117.94 €;90.71 €;91.24 €;81%;92%;51%; -   € ;1,200.00 €; N ;150,000.00 €;2,000,000.00 €
KFZ00058;K00069;Y-X 192;P;30,000.00 €;20070802;27.02.2009;99.01 €;120.29 €;336.84 €;68%;122%;167%; -   € ;650.00 €; N ;150,000.00 €;2,000,000.00 €
KFZ00250;K00321;Y-X 306;P;30,000.00 €;20070802;07.09.2009;177.63 €;162.69 €;308.60 €;122%;165%;153%; -   € ;650.00 €; N ;150,000.00 €;2,000,000.00 €
KFZ00262;K00335;Y-X 105;S;60,000.00 €;20070802;19.09.2009;78.62 €;87.75 €;215.82 €;54%;89%;107%; -   € ;650.00 €; N ;150,000.00 €;2,000,000.00 €
KFZ00318;K00411;Y-X 348;P;30,000.00 €;20070802;14.11.2009;58.24 €;94.66 €;159.22 €;40%;96%;89%; -   € ;1,200.00 €; N ;150,000.00 €;2,000,000.00 €
KFZ00084;K00101;Y-X 34;P;30,000.00 €;20070804;25.03.2009;250.43 €;165.65 €;294.32 €;172%;168%;105%; -   € ; -   € ; N ;150,000.00 €;2,000,000.00 €
KFZ00132;K00164;Y-X 54;P;30,000.00 €;20070807;12.05.2009;218.40 €;115.10 €;339.16 €;150%;147%;121%;300.00 €; -   € ; N ;150,000.00 €;2,000,000.00 €
KFZ00266;K00339;Y-X 316;P;30,000.00 €;20070807;23.09.2009;145.60 €;139.03 €;191.62 €;100%;141%;95%; -   € ;650.00 €; J ;150,000.00 €;2,000,000.00 €
KFZ00033;K00039;Y-X 176;P;30,000.00 €;20070811;02.02.2009;228.59 €;51.27 €;98.40 €;157%;52%;55%; -   € ;1,200.00 €; N ;150,000.00 €;2,000,000.00 €
KFZ00145;K00183;Y-X 60;P;30,000.00 €;20070812;25.05.2009;131.04 €;80.85 €;309.50 €;90%;82%;173%; -   € ;1,200.00 €; J ;150,000.00 €;2,000,000.00 €
KFZ00039;K00046;Y-X 18;K;40,000.00 €;20070813;08.02.2009;142.69 €;54.23 €;182.48 €;98%;55%;102%; -   € ;1,200.00 €; J ;150,000.00 €;2,000,000.00 €
KFZ00092;K00113;Y-X 37;K;40,000.00 €;20070813;02.04.2009;170.35 €;79.87 €;288.71 €;117%;81%;103%; -   € ; -   € ; N ;150,000.00 €;2,000,000.00 €
KFZ00128;K00155;Y-X 233;V;37,500.00 €;20070814;08.05.2009;138.32 €;155.79 €;195.00 €;95%;158%;109%; -   € ;1,200.00 €; N ;150,000.00 €;2,000,000.00 €
KFZ00093;K00113;Y-X 213;C;50,000.00 €;20070815;03.04.2009;144.14 €;115.36 €;237.94 €;99%;117%;133%; -   € ;1,200.00 €; N ;150,000.00 €;2,000,000.00 €
KFZ00046;K00055;Y-X 184;P;30,000.00 €;20070816;15.02.2009;91.73 €;120.29 €;139.17 €;63%;122%;69%; -   € ;650.00 €; N ;150,000.00 €;2,000,000.00 €
KFZ00305;K00391;Y-X 339;P;30,000.00 €;20070816;01.11.2009;66.98 €;32.54 €;459.69 €;46%;33%;164%; -   € ; -   € ; N ;150,000.00 €;2,000,000.00 €
KFZ00240;K00304;Y-X 300;V;37,500.00 €;20070820;28.08.2009;80.08 €;92.68 €;310.62 €;55%;94%;154%; -   € ;650.00 €; N ;150,000.00 €;2,000,000.00 €
KFZ00049;K00061;Y-X 21;P;30,000.00 €;20070821;18.02.2009;196.56 €;151.84 €;55.46 €;135%;154%;31%; -   € ;1,200.00 €; J ;150,000.00 €;2,000,000.00 €
KFZ00060;K00075;Y-X 24;K;40,000.00 €;20070821;01.03.2009;224.22 €;138.59 €;403.63 €;154%;177%;144%;300.00 €; -   € ; N ;150,000.00 €;2,000,000.00 €
KFZ00166;K00210;Y-X 69;S;60,000.00 €;20070824;15.06.2009;177.63 €;70.99 €;354.99 €;122%;72%;176%; -   € ;650.00 €; N ;150,000.00 €;2,000,000.00 €
KFZ00254;K00327;Y-X 308;P;30,000.00 €;20070824;11.09.2009;136.86 €;68.03 €;162.11 €;94%;69%;108%; -   € ;2,000.00 €; N ;150,000.00 €;2,000,000.00 €
KFZ00037;K00043;Y-X 17;P;30,000.00 €;20070825;06.02.2009;195.10 €;139.03 €;266.56 €;134%;141%;149%; -   € ;1,200.00 €; J ;150,000.00 €;2,000,000.00 €
KFZ00110;K00131;Y-X 222;P;30,000.00 €;20070827;20.04.2009;234.42 €;76.91 €;171.45 €;161%;78%;85%; -   € ;650.00 €; J ;150,000.00 €;2,000,000.00 €
KFZ00311;K00399;Y-X 344;K;40,000.00 €;20070827;07.11.2009;168.90 €;112.40 €;177.11 €;116%;114%;99%; -   € ;1,200.00 €; N ;150,000.00 €;2,000,000.00 €
KFZ00091;K00112;Y-X 212;K;40,000.00 €;20070828;01.04.2009;167.44 €;97.61 €;205.74 €;115%;99%;115%; -   € ;1,200.00 €; J ;150,000.00 €;2,000,000.00 €
KFZ00177;K00226;Y-X 261;P;30,000.00 €;20070902;26.06.2009;256.26 €;138.04 €;241.66 €;176%;140%;161%; -   € ;2,000.00 €; J ;150,000.00 €;2,000,000.00 €
KFZ00159;K00204;Y-X 251;V;37,500.00 €;20070905;08.06.2009;46.59 €;151.84 €;103.57 €;32%;154%;69%; -   € ;2,000.00 €; J ;150,000.00 €;2,000,000.00 €
KFZ00130;K00159;Y-X 53;P;30,000.00 €;20070912;10.05.2009;168.90 €;168.61 €;179.51 €;116%;171%;89%; -   € ;650.00 €; J ;150,000.00 €;2,000,000.00 €
KFZ00220;K00279;Y-X 288;K;40,000.00 €;20070912;08.08.2009;64.06 €;176.49 €;243.86 €;44%;179%;87%; -   € ; -   € ; N ;150,000.00 €;2,000,000.00 €
KFZ00063;K00078;Y-X 25;V;37,500.00 €;20070913;04.03.2009;87.36 €;83.81 €;63.04 €;60%;85%;42%; -   € ;2,000.00 €; J ;150,000.00 €;2,000,000.00 €
KFZ00074;K00091;Y-X 201;P;30,000.00 €;20070915;15.03.2009;43.68 €;156.77 €;127.07 €;30%;159%;63%; -   € ;650.00 €; N ;150,000.00 €;2,000,000.00 €
KFZ00270;K00348;Y-X 109;P;30,000.00 €;20070916;27.09.2009;151.42 €;139.03 €;232.66 €;104%;141%;155%; -   € ;2,000.00 €; N ;150,000.00 €;2,000,000.00 €
KFZ00008;K00007;Y-X 160;S;60,000.00 €;20070917;08.01.2009;189.28 €;92.68 €;112.95 €;130%;94%;56%; -   € ;650.00 €; N ;150,000.00 €;2,000,000.00 €
KFZ00016;K00021;Y-X 167;V;37,500.00 €;20070918;16.01.2009;171.81 €;99.59 €;305.53 €;118%;101%;109%; -   € ; -   € ; N ;150,000.00 €;2,000,000.00 €
KFZ00234;K00300;Y-X 96;P;30,000.00 €;20070920;22.08.2009;77.17 €;70.01 €;76.65 €;53%;71%;38%; -   € ;650.00 €; N ;150,000.00 €;2,000,000.00 €
KFZ00289;K00369;Y-X 330;P;30,000.00 €;20070920;16.10.2009;186.37 €;170.58 €;221.84 €;128%;173%;124%; -   € ;1,200.00 €; N ;150,000.00 €;2,000,000.00 €
KFZ00302;K00389;Y-X 338;P;30,000.00 €;20070921;29.10.2009;45.14 €;134.10 €;94.82 €;31%;136%;53%; -   € ;1,200.00 €; N ;150,000.00 €;2,000,000.00 €
KFZ00327;K00428;Y-X 134;K;40,000.00 €;20070922;23.11.2009;77.17 €;52.26 €;274.31 €;53%;53%;136%; -   € ;650.00 €; J ;150,000.00 €;2,000,000.00 €
KFZ00206;K00264;Y-X 279;P;30,000.00 €;20070923;25.07.2009;133.95 €;117.33 €;352.98 €;92%;119%;175%; -   € ;650.00 €; J ;150,000.00 €;2,000,000.00 €
KFZ00183;K00234;Y-X 265;K;40,000.00 €;20070924;02.07.2009;192.19 €;135.08 €;342.89 €;132%;137%;170%; -   € ;650.00 €; J ;150,000.00 €;2,000,000.00 €
KFZ00331;K00444;Y-X 138;K;40,000.00 €;20070924;27.11.2009;61.15 €;80.85 €;149.26 €;42%;82%;74%; -   € ;650.00 €; J ;150,000.00 €;2,000,000.00 €
KFZ00038;K00043;Y-X 178;S;60,000.00 €;20070926;07.02.2009;196.56 €;35.50 €;212.89 €;135%;36%;119%; -   € ;1,200.00 €; J ;150,000.00 €;2,000,000.00 €
KFZ00202;K00260;Y-X 277;P;30,000.00 €;20070927;21.07.2009;94.64 €;79.87 €;233.97 €;65%;81%;116%; -   € ;650.00 €; N ;150,000.00 €;2,000,000.00 €
KFZ00055;K00066;Y-X 189;K;40,000.00 €;20071000;24.02.2009;184.91 €;175.51 €;294.48 €;127%;178%;146%; -   € ;650.00 €; N ;150,000.00 €;2,000,000.00 €
KFZ00281;K00361;Y-X 326;S;60,000.00 €;20071000;08.10.2009;228.59 €;76.91 €;144.91 €;157%;78%;81%; -   € ;1,200.00 €; J ;150,000.00 €;2,000,000.00 €
KFZ00310;K00398;Y-X 343;S;60,000.00 €;20071001;06.11.2009;68.43 €;95.64 €;157.43 €;47%;97%;88%; -   € ;1,200.00 €; J ;150,000.00 €;2,000,000.00 €
KFZ00020;K00026;Y-X 170;P;30,000.00 €;20071003;20.01.2009;61.15 €;104.52 €;98.40 €;42%;106%;55%; -   € ;1,200.00 €; J ;150,000.00 €;2,000,000.00 €
KFZ00081;K00098;Y-X 205;P;30,000.00 €;20071003;22.03.2009;228.59 €;138.59 €;288.03 €;157%;177%;161%;300.00 €;1,200.00 €; J ;150,000.00 €;2,000,000.00 €
KFZ00148;K00186;Y-X 244;P;30,000.00 €;20071003;28.05.2009;64.06 €;83.81 €;123.04 €;44%;85%;61%; -   € ;650.00 €; J ;150,000.00 €;2,000,000.00 €
KFZ00010;K00012;Y-X 6;P;30,000.00 €;20071005;10.01.2009;149.97 €;153.82 €;361.04 €;103%;156%;179%; -   € ;650.00 €; J ;150,000.00 €;2,000,000.00 €
KFZ00077;K00095;Y-X 32;C;50,000.00 €;20071006;18.03.2009;145.60 €;87.75 €;238.01 €;100%;89%;118%; -   € ;650.00 €; N ;150,000.00 €;2,000,000.00 €
KFZ00100;K00122;Y-X 41;P;30,000.00 €;20071006;10.04.2009;235.87 €;136.07 €;163.38 €;162%;138%;81%; -   € ;650.00 €; J ;150,000.00 €;2,000,000.00 €
KFZ00155;K00199;Y-X 64;K;40,000.00 €;20071006;04.06.2009;190.74 €;163.68 €;241.52 €;131%;166%;135%; -   € ;1,200.00 €; J ;150,000.00 €;2,000,000.00 €
KFZ00255;K00328;Y-X 309;V;37,500.00 €;20071007;12.09.2009;203.84 €;102.54 €;78.72 €;140%;104%;44%; -   € ;1,200.00 €; J ;150,000.00 €;2,000,000.00 €
KFZ00276;K00357;Y-X 111;P;30,000.00 €;20071007;03.10.2009;187.82 €;87.75 €;155.31 €;129%;89%;77%; -   € ;650.00 €; J ;150,000.00 €;2,000,000.00 €
KFZ00107;K00127;Y-X 43;K;40,000.00 €;20071008;17.04.2009;221.31 €;157.76 €;291.61 €;152%;160%;163%; -   € ;1,200.00 €; J ;150,000.00 €;2,000,000.00 €
KFZ00221;K00281;Y-X 90;C;50,000.00 €;20071008;09.08.2009;254.80 €;81.84 €;123.08 €;175%;83%;82%; -   € ;2,000.00 €; N ;150,000.00 €;2,000,000.00 €
KFZ00210;K00268;Y-X 86;P;30,000.00 €;20071009;29.07.2009;215.49 €;89.73 €;256.16 €;148%;91%;127%; -   € ;650.00 €; J ;150,000.00 €;2,000,000.00 €
KFZ00181;K00232;Y-X 263;P;30,000.00 €;20071010;30.06.2009;142.69 €;76.91 €;296.97 €;98%;78%;166%; -   € ;1,200.00 €; N ;150,000.00 €;2,000,000.00 €
KFZ00022;K00027;Y-X 171;S;60,000.00 €;20071011;22.01.2009;152.88 €;167.62 €;264.18 €;105%;170%;176%; -   € ;2,000.00 €; J ;150,000.00 €;2,000,000.00 €
KFZ00319;K00412;Y-X 349;V;37,500.00 €;20071011;15.11.2009;205.30 €;168.61 €;209.31 €;141%;171%;117%; -   € ;1,200.00 €; N ;150,000.00 €;2,000,000.00 €
KFZ00086;K00104;Y-X 35;S;60,000.00 €;20071012;27.03.2009;164.53 €;141.00 €;242.04 €;113%;143%;120%; -   € ;650.00 €; N ;150,000.00 €;2,000,000.00 €
KFZ00303;K00390;Y-X 122;V;37,500.00 €;20071012;30.10.2009;235.87 €;126.21 €;476.51 €;162%;128%;170%; -   € ; -   € ; N ;150,000.00 €;2,000,000.00 €
KFZ00001;K00002;Y-X 157;P;30,000.00 €;20071013;01.01.2009;250.43 €;89.26 €;236.15 €;172%;114%;132%;300.00 €;1,200.00 €; J ;150,000.00 €;2,000,000.00 €
KFZ00118;K00146;Y-X 225;S;60,000.00 €;20071013;28.04.2009;53.87 €;145.93 €;129.09 €;37%;148%;86%; -   € ;2,000.00 €; J ;150,000.00 €;2,000,000.00 €
KFZ00196;K00248;Y-X 273;P;30,000.00 €;20071014;15.07.2009;129.58 €;65.08 €;59.04 €;89%;66%;33%; -   € ;1,200.00 €; J ;150,000.00 €;2,000,000.00 €
KFZ00265;K00337;Y-X 315;S;60,000.00 €;20071018;22.09.2009;119.39 €;73.95 €;150.28 €;82%;75%;84%; -   € ;1,200.00 €; N ;150,000.00 €;2,000,000.00 €
KFZ00293;K00380;Y-X 118;P;30,000.00 €;20071019;20.10.2009;202.38 €;171.56 €;465.30 €;139%;174%;166%; -   € ; -   € ; J ;150,000.00 €;2,000,000.00 €
KFZ00098;K00119;Y-X 40;P;30,000.00 €;20071020;08.04.2009;241.70 €;39.44 €;75.05 €;166%;40%;50%; -   € ;2,000.00 €; N ;150,000.00 €;2,000,000.00 €
KFZ00334;K00452;Y-X 141;P;30,000.00 €;20071020;30.11.2009;154.34 €;111.42 €;173.46 €;106%;113%;86%; -   € ;650.00 €; N ;150,000.00 €;2,000,000.00 €
KFZ00239;K00303;Y-X 299;V;37,500.00 €;20071022;27.08.2009;215.49 €;113.39 €;152.07 €;148%;115%;85%; -   € ;1,200.00 €; J ;150,000.00 €;2,000,000.00 €
KFZ00225;K00290;Y-X 291;P;30,000.00 €;20071028;13.08.2009;100.46 €;101.56 €;66.19 €;69%;103%;37%; -   € ;1,200.00 €; N ;150,000.00 €;2,000,000.00 €
KFZ00028;K00034;Y-X 12;K;40,000.00 €;20071100;28.01.2009;170.35 €;58.73 €;123.04 €;117%;75%;61%;300.00 €;650.00 €; N ;150,000.00 €;2,000,000.00 €
KFZ00094;K00114;Y-X 38;P;30,000.00 €;20071100;04.04.2009;205.30 €;88.74 €;145.60 €;141%;90%;97%; -   € ;2,000.00 €; N ;150,000.00 €;2,000,000.00 €
KFZ00057;K00068;Y-X 191;S;60,000.00 €;20071101;26.02.2009;133.95 €;167.62 €;100.18 €;92%;170%;56%; -   € ;1,200.00 €; N ;150,000.00 €;2,000,000.00 €
KFZ00072;K00087;Y-X 29;S;60,000.00 €;20071101;13.03.2009;163.07 €;72.96 €;169.43 €;112%;74%;84%; -   € ;650.00 €; J ;150,000.00 €;2,000,000.00 €
KFZ00315;K00408;Y-X 126;K;40,000.00 €;20071102;11.11.2009;168.90 €;76.91 €;219.85 €;116%;78%;109%; -   € ;650.00 €; J ;150,000.00 €;2,000,000.00 €
KFZ00321;K00415;Y-X 128;P;30,000.00 €;20071102;17.11.2009;88.82 €;147.90 €;288.43 €;61%;150%;143%; -   € ;650.00 €; J ;150,000.00 €;2,000,000.00 €
KFZ00169;K00213;Y-X 71;S;60,000.00 €;20071103;18.06.2009;100.46 €;109.45 €;316.65 €;69%;111%;177%; -   € ;1,200.00 €; J ;150,000.00 €;2,000,000.00 €
KFZ00173;K00217;Y-X 258;C;50,000.00 €;20071103;22.06.2009;71.34 €;134.10 €;119.00 €;49%;136%;59%; -   € ;650.00 €; J ;150,000.00 €;2,000,000.00 €
KFZ00108;K00129;Y-X 44;K;40,000.00 €;20071104;18.04.2009;119.39 €;30.57 €;128.81 €;82%;31%;72%; -   € ;1,200.00 €; J ;150,000.00 €;2,000,000.00 €
KFZ00197;K00249;Y-X 274;P;30,000.00 €;20071106;16.07.2009;250.43 €;97.61 €;298.52 €;172%;99%;148%; -   € ;650.00 €; J ;150,000.00 €;2,000,000.00 €
KFZ00124;K00152;Y-X 230;K;40,000.00 €;20071107;04.05.2009;160.16 €;134.10 €;240.02 €;110%;136%;119%; -   € ;650.00 €; N ;150,000.00 €;2,000,000.00 €
KFZ00141;K00179;Y-X 240;C;50,000.00 €;20071108;21.05.2009;53.87 €;112.40 €;290.45 €;37%;114%;144%; -   € ;650.00 €; J ;150,000.00 €;2,000,000.00 €
KFZ00023;K00028;Y-X 9;K;40,000.00 €;20071110;23.01.2009;141.23 €;116.35 €;254.04 €;97%;118%;142%; -   € ;1,200.00 €; J ;150,000.00 €;2,000,000.00 €
KFZ00106;K00126;Y-X 221;P;30,000.00 €;20071110;16.04.2009;228.59 €;137.03 €;64.40 €;157%;175%;36%;300.00 €;1,200.00 €; N ;150,000.00 €;2,000,000.00 €
KFZ00139;K00177;Y-X 58;K;40,000.00 €;20071110;19.05.2009;170.35 €;127.19 €;309.50 €;117%;129%;173%; -   € ;1,200.00 €; J ;150,000.00 €;2,000,000.00 €
KFZ00152;K00190;Y-X 63;S;60,000.00 €;20071112;01.06.2009;93.18 €;169.59 €;319.54 €;64%;172%;114%; -   € ; -   € ; J ;150,000.00 €;2,000,000.00 €
KFZ00194;K00247;Y-X 80;P;30,000.00 €;20071114;13.07.2009;254.80 €;157.76 €;344.91 €;175%;160%;171%; -   € ;650.00 €; J ;150,000.00 €;2,000,000.00 €
KFZ00144;K00182;Y-X 242;V;37,500.00 €;20071115;24.05.2009;211.12 €;117.33 €;338.86 €;145%;119%;168%; -   € ;650.00 €; N ;150,000.00 €;2,000,000.00 €
KFZ00162;K00207;Y-X 66;P;30,000.00 €;20071115;11.06.2009;116.48 €;45.36 €;398.03 €;80%;46%;142%; -   € ; -   € ; N ;150,000.00 €;2,000,000.00 €
KFZ00314;K00407;Y-X 346;P;30,000.00 €;20071115;10.11.2009;182.00 €;86.77 €;428.86 €;125%;88%;153%; -   € ; -   € ; J ;150,000.00 €;2,000,000.00 €
KFZ00187;K00239;Y-X 77;K;40,000.00 €;20071116;06.07.2009;142.69 €;69.02 €;141.19 €;98%;70%;70%; -   € ;650.00 €; N ;150,000.00 €;2,000,000.00 €
KFZ00204;K00262;Y-X 278;K;40,000.00 €;20071116;23.07.2009;103.38 €;80.85 €;336.84 €;71%;82%;167%; -   € ;650.00 €; N ;150,000.00 €;2,000,000.00 €
KFZ00346;K00494;Y-X 153;P;30,000.00 €;20071116;12.12.2009;96.10 €;112.40 €;91.56 €;66%;114%;61%; -   € ;2,000.00 €; N ;150,000.00 €;2,000,000.00 €
KFZ00190;K00244;Y-X 269;P;30,000.00 €;20071118;09.07.2009;109.20 €;59.16 €;311.29 €;75%;60%;174%; -   € ;1,200.00 €; N ;150,000.00 €;2,000,000.00 €
KFZ00238;K00302;Y-X 298;P;30,000.00 €;20071118;26.08.2009;133.95 €;148.89 €;78.66 €;92%;151%;39%; -   € ;650.00 €; J ;150,000.00 €;2,000,000.00 €
KFZ00188;K00241;Y-X 268;K;40,000.00 €;20071120;07.07.2009;72.80 €;166.63 €;225.90 €;50%;169%;112%; -   € ;650.00 €; N ;150,000.00 €;2,000,000.00 €
KFZ00200;K00258;Y-X 276;S;60,000.00 €;20071120;19.07.2009;53.87 €;113.39 €;193.21 €;37%;115%;108%; -   € ;1,200.00 €; N ;150,000.00 €;2,000,000.00 €
KFZ00158;K00203;Y-X 250;P;30,000.00 €;20071124;07.06.2009;221.31 €;110.43 €;204.62 €;152%;112%;73%; -   € ; -   € ; N ;150,000.00 €;2,000,000.00 €
KFZ00219;K00279;Y-X 89;K;40,000.00 €;20071125;07.08.2009;136.86 €;103.53 €;199.68 €;94%;105%;99%; -   € ;650.00 €; N ;150,000.00 €;2,000,000.00 €
KFZ00317;K00411;Y-X 127;C;50,000.00 €;20071128;13.11.2009;52.42 €;57.16 €;139.54 €;36%;73%;78%;300.00 €;1,200.00 €; J ;150,000.00 €;2,000,000.00 €
KFZ00112;K00135;Y-X 46;V;37,500.00 €;20071129;22.04.2009;125.22 €;97.61 €;288.43 €;86%;99%;143%; -   € ;650.00 €; N ;150,000.00 €;2,000,000.00 €
KFZ00339;K00465;Y-X 146;P;30,000.00 €;20071129;05.12.2009;71.34 €;157.76 €;96.61 €;49%;160%;54%; -   € ;1,200.00 €; N ;150,000.00 €;2,000,000.00 €
