VNr;KuNr;Art;V-Wert;Vbeginn;Laufzeit;K-Frist;Rate/Monat;Rate/Quartal;Rate/Halbjahr;Rate/Jahr;Zahlungsweise;;;
GLA00102;K00037;GLA; 16,000.00 € ;30.09.2002;24;3; 14.00 € ; 41.20 € ; 81.60 € ; 160.00 € ;Q;;;
GLA00131;K00130;GLA; 18,000.00 € ;17.01.2005;12;3; 15.75 € ; 46.35 € ; 91.80 € ; 180.00 € ;M;;;
GLA00306;K00363;GLA; 11,000.00 € ;31.05.2010;12;3; 9.63 € ; 28.33 € ; 56.10 € ; 110.00 € ;Q;;;
GLA00312;K00308;GLA; 14,000.00 € ;26.01.2009;12;3; 12.25 € ; 36.05 € ; 71.40 € ; 140.00 € ;J;;;
GLA00389;K00314;GLA; 15,000.00 € ;06.04.2009;12;3; 13.13 € ; 38.63 € ; 76.50 € ; 150.00 € ;M;;;
GLA00541;K00446;GLA; 15,000.00 € ;30.04.2012;36;3; 13.13 € ; 38.63 € ; 76.50 € ; 150.00 € ;J;;;
GLA00562;K00122;GLA; 11,000.00 € ;08.11.2004;36;3; 9.63 € ; 28.33 € ; 56.10 € ; 110.00 € ;M;;;
GLA00833;K00438;GLA; 12,000.00 € ;20.02.2012;12;3; 10.50 € ; 30.90 € ; 61.20 € ; 120.00 € ;J;;;
GLA00907;K00001;GLA; 19,000.00 € ;15.10.2001;36;3; 16.63 € ; 48.93 € ; 96.90 € ; 190.00 € ;Q;;;
GLA00921;K00164;GLA; 15,000.00 € ;24.10.2005;24;3; 13.13 € ; 38.63 € ; 76.50 € ; 150.00 € ;Q;;;
GLA01067;K00291;GLA; 11,000.00 € ;08.09.2008;24;3; 9.63 € ; 28.33 € ; 56.10 € ; 110.00 € ;H;;;
GLA01303;K00476;GLA; 16,000.00 € ;04.02.2013;12;3; 14.00 € ; 41.20 € ; 81.60 € ; 160.00 € ;J;;;
GLA01322;K00267;GLA; 12,000.00 € ;11.02.2008;24;3; 10.50 € ; 30.90 € ; 61.20 € ; 120.00 € ;H;;;
GLA01456;K00010;GLA; 13,000.00 € ;24.12.2001;12;3; 11.38 € ; 33.48 € ; 66.30 € ; 130.00 € ;Q;;;
GLA01488;K00199;GLA; 18,000.00 € ;31.07.2006;24;3; 15.75 € ; 46.35 € ; 91.80 € ; 180.00 € ;H;;;
GLA01594;K00190;GLA; 15,000.00 € ;22.05.2006;12;3; 13.13 € ; 38.63 € ; 76.50 € ; 150.00 € ;M;;;
GLA01772;K00431;GLA; 17,000.00 € ;12.12.2011;36;3; 14.88 € ; 43.78 € ; 86.70 € ; 170.00 € ;J;;;
GLA02062;K00016;GLA; 19,000.00 € ;04.03.2002;36;3; 16.63 € ; 48.93 € ; 96.90 € ; 190.00 € ;Q;;;
GLA02225;K00181;GLA; 11,000.00 € ;13.03.2006;12;3; 9.63 € ; 28.33 € ; 56.10 € ; 110.00 € ;M;;;
GLA02676;K00258;GLA; 18,000.00 € ;03.12.2007;12;3; 15.75 € ; 46.35 € ; 91.80 € ; 180.00 € ;M;;;
GLA02702;K00136;GLA; 12,000.00 € ;28.03.2005;12;3; 10.50 € ; 30.90 € ; 61.20 € ; 120.00 € ;Q;;;
GLA02816;K00108;GLA; 16,000.00 € ;21.06.2004;36;3; 14.00 € ; 41.20 € ; 81.60 € ; 160.00 € ;H;;;
GLA03288;K00299;GLA; 16,000.00 € ;17.11.2008;36;3; 14.00 € ; 41.20 € ; 81.60 € ; 160.00 € ;Q;;;
GLA03414;K00420;GLA; 11,000.00 € ;03.10.2011;24;3; 9.63 € ; 28.33 € ; 56.10 € ; 110.00 € ;Q;;;
GLA04041;K00046;GLA; 19,000.00 € ;09.12.2002;36;3; 16.63 € ; 48.93 € ; 96.90 € ; 190.00 € ;J;;;
GLA04054;K00069;GLA; 14,000.00 € ;07.07.2003;12;3; 12.25 € ; 36.05 € ; 71.40 € ; 140.00 € ;H;;;
GLA04302;K00225;GLA; 19,000.00 € ;26.02.2007;36;3; 16.63 € ; 48.93 € ; 96.90 € ; 190.00 € ;M;;;
GLA04568;K00093;GLA; 11,000.00 € ;02.02.2004;24;3; 9.63 € ; 28.33 € ; 56.10 € ; 110.00 € ;J;;;
GLA05031;K00214;GLA; 17,000.00 € ;18.12.2006;12;3; 14.88 € ; 43.78 € ; 86.70 € ; 170.00 € ;J;;;
GLA05114;K00253;GLA; 15,000.00 € ;24.09.2007;24;3; 13.13 € ; 38.63 € ; 76.50 € ; 150.00 € ;J;;;
GLA05155;K00483;GLA; 10,000.00 € ;15.04.2013;36;3; 8.75 € ; 25.75 € ; 51.00 € ; 100.00 € ;J;;;
GLA05499;K00323;GLA; 17,000.00 € ;15.06.2009;24;3; 14.88 € ; 43.78 € ; 86.70 € ; 170.00 € ;J;;;
GLA05759;K00276;GLA; 13,000.00 € ;21.04.2008;36;3; 11.38 € ; 33.48 € ; 66.30 € ; 130.00 € ;J;;;
GLA05894;K00452;GLA; 10,000.00 € ;09.07.2012;36;3; 8.75 € ; 25.75 € ; 51.00 € ; 100.00 € ;H;;;
GLA05946;K00085;GLA; 19,000.00 € ;24.11.2003;36;3; 16.63 € ; 48.93 € ; 96.90 € ; 190.00 € ;J;;;
GLA05992;K00331;GLA; 11,000.00 € ;24.08.2009;24;3; 9.63 € ; 28.33 € ; 56.10 € ; 110.00 € ;H;;;
GLA06254;K00204;GLA; 18,000.00 € ;09.10.2006;36;3; 15.75 € ; 46.35 € ; 91.80 € ; 180.00 € ;Q;;;
GLA06457;K00379;GLA; 16,000.00 € ;18.10.2010;24;3; 14.00 € ; 41.20 € ; 81.60 € ; 160.00 € ;J;;;
GLA06532;K00494;GLA; 17,000.00 € ;24.06.2013;24;3; 14.88 € ; 43.78 € ; 86.70 € ; 170.00 € ;H;;;
GLA06600;K00024;GLA; 12,000.00 € ;13.05.2002;24;3; 10.50 € ; 30.90 € ; 61.20 € ; 120.00 € ;Q;;;
GLA06858;K00386;GLA; 16,000.00 € ;27.12.2010;24;3; 14.00 € ; 41.20 € ; 81.60 € ; 160.00 € ;Q;;;
GLA06893;K00078;GLA; 15,000.00 € ;15.09.2003;36;3; 13.13 € ; 38.63 € ; 76.50 € ; 150.00 € ;J;;;
GLA07080;K00460;GLA; 12,000.00 € ;17.09.2012;36;3; 10.50 € ; 30.90 € ; 61.20 € ; 120.00 € ;Q;;;
GLA07193;K00466;GLA; 14,000.00 € ;26.11.2012;24;3; 12.25 € ; 36.05 € ; 71.40 € ; 140.00 € ;Q;;;
GLA07573;K00411;GLA; 13,000.00 € ;25.07.2011;24;3; 11.38 € ; 33.48 € ; 66.30 € ; 130.00 € ;M;;;
GLA07626;K00503;GLA; 12,000.00 € ;02.09.2013;24;3; 10.50 € ; 30.90 € ; 61.20 € ; 120.00 € ;J;;;
GLA07921;K00062;GLA; 13,000.00 € ;28.04.2003;36;3; 11.38 € ; 33.48 € ; 66.30 € ; 130.00 € ;Q;;;
GLA07943;K00173;GLA; 17,000.00 € ;02.01.2006;24;3; 14.88 € ; 43.78 € ; 86.70 € ; 170.00 € ;J;;;
GLA07952;K00355;GLA; 13,000.00 € ;22.03.2010;12;3; 11.38 € ; 33.48 € ; 66.30 € ; 130.00 € ;J;;;
GLA07991;K00153;GLA; 17,000.00 € ;15.08.2005;24;3; 14.88 € ; 43.78 € ; 86.70 € ; 170.00 € ;Q;;;
GLA08242;K00405;GLA; 12,000.00 € ;16.05.2011;24;3; 10.50 € ; 30.90 € ; 61.20 € ; 120.00 € ;Q;;;
GLA08333;K00116;GLA; 18,000.00 € ;30.08.2004;12;3; 15.75 € ; 46.35 € ; 91.80 € ; 180.00 € ;H;;;
GLA08351;K00340;GLA; 18,000.00 € ;02.11.2009;36;3; 15.75 € ; 46.35 € ; 91.80 € ; 180.00 € ;J;;;
GLA08499;K00100;GLA; 16,000.00 € ;12.04.2004;24;3; 14.00 € ; 41.20 € ; 81.60 € ; 160.00 € ;J;;;
GLA08800;K00055;GLA; 15,000.00 € ;17.02.2003;24;3; 13.13 € ; 38.63 € ; 76.50 € ; 150.00 € ;H;;;
GLA08870;K00394;GLA; 13,000.00 € ;07.03.2011;12;3; 11.38 € ; 33.48 € ; 66.30 € ; 130.00 € ;Q;;;
GLA08985;K00282;GLA; 18,000.00 € ;30.06.2008;24;3; 15.75 € ; 46.35 € ; 91.80 € ; 180.00 € ;H;;;
GLA09028;K00370;GLA; 14,000.00 € ;09.08.2010;12;3; 12.25 € ; 36.05 € ; 71.40 € ; 140.00 € ;M;;;
GLA09187;K00231;GLA; 13,000.00 € ;07.05.2007;24;3; 11.38 € ; 33.48 € ; 66.30 € ; 130.00 € ;M;;;
GLA09324;K00240;GLA; 18,000.00 € ;16.07.2007;12;3; 15.75 € ; 46.35 € ; 91.80 € ; 180.00 € ;H;;;
GLA09459;K00348;GLA; 12,000.00 € ;11.01.2010;36;3; 10.50 € ; 30.90 € ; 61.20 € ; 120.00 € ;J;;;
GLA09613;K00031;GLA; 18,000.00 € ;22.07.2002;36;3; 15.75 € ; 46.35 € ; 91.80 € ; 180.00 € ;J;;;
GLA09687;K00146;GLA; 16,000.00 € ;06.06.2005;24;3; 14.00 € ; 41.20 € ; 81.60 € ; 160.00 € ;Q;;;
GVV00495;K00415;GVV; 17,000.00 € ;22.08.2011;12;3; 14.88 € ; 43.78 € ; 86.70 € ; 170.00 € ;J;;;
GVV00500;K00399;GVV; 19,000.00 € ;04.04.2011;24;3; 16.63 € ; 48.93 € ; 96.90 € ; 190.00 € ;J;;;
GVV00523;K00127;GVV; 11,000.00 € ;06.12.2004;36;3; 9.63 € ; 28.33 € ; 56.10 € ; 110.00 € ;M;;;
GVV00685;K00382;GVV; 18,000.00 € ;15.11.2010;12;3; 15.75 € ; 46.35 € ; 91.80 € ; 180.00 € ;Q;;;
GVV01131;K00026;GVV; 18,000.00 € ;10.06.2002;12;3; 15.75 € ; 46.35 € ; 91.80 € ; 180.00 € ;J;;;
GVV01143;K00304;GVV; 13,000.00 € ;15.12.2008;12;3; 11.38 € ; 33.48 € ; 66.30 € ; 130.00 € ;Q;;;
GVV01525;K00013;GVV; 19,000.00 € ;21.01.2002;12;3; 16.63 € ; 48.93 € ; 96.90 € ; 190.00 € ;H;;;
GVV01543;K00440;GVV; 11,000.00 € ;19.03.2012;36;3; 9.63 € ; 28.33 € ; 56.10 € ; 110.00 € ;H;;;
GVV01831;K00335;GVV; 19,000.00 € ;21.09.2009;12;3; 16.63 € ; 48.93 € ; 96.90 € ; 190.00 € ;H;;;
GVV01836;K00274;GVV; 11,000.00 € ;21.07.2014;12;3; 9.63 € ; 28.33 € ; 56.10 € ; 110.00 € ;H;;;
GVV01936;K00088;GVV; 14,000.00 € ;22.12.2003;12;3; 12.25 € ; 36.05 € ; 71.40 € ; 140.00 € ;J;;;
GVV02050;K00065;GVV; 17,000.00 € ;26.05.2003;24;3; 14.88 € ; 43.78 € ; 86.70 € ; 170.00 € ;H;;;
GVV02060;K00201;GVV; 16,000.00 € ;28.08.2006;24;3; 14.00 € ; 41.20 € ; 81.60 € ; 160.00 € ;Q;;;
GVV02100;K00408;GVV; 10,000.00 € ;13.06.2011;36;3; 8.75 € ; 25.75 € ; 51.00 € ; 100.00 € ;J;;;
GVV02432;K00343;GVV; 18,000.00 € ;30.11.2009;24;3; 15.75 € ; 46.35 € ; 91.80 € ; 180.00 € ;J;;;
GVV02522;K00073;GVV; 14,000.00 € ;04.08.2003;24;3; 12.25 € ; 36.05 € ; 71.40 € ; 140.00 € ;Q;;;
GVV02774;K00278;GVV; 19,000.00 € ;19.05.2008;36;3; 16.63 € ; 48.93 € ; 96.90 € ; 190.00 € ;J;;;
GVV02775;K00372;GVV; 19,000.00 € ;06.09.2010;36;3; 16.63 € ; 48.93 € ; 96.90 € ; 190.00 € ;Q;;;
GVV02847;K00102;GVV; 17,000.00 € ;10.05.2004;24;3; 14.88 € ; 43.78 € ; 86.70 € ; 170.00 € ;M;;;
GVV03169;K00183;GVV; 13,000.00 € ;10.04.2006;12;3; 11.38 € ; 33.48 € ; 66.30 € ; 130.00 € ;M;;;
GVV03355;K00041;GVV; 18,000.00 € ;28.10.2002;12;3; 15.75 € ; 46.35 € ; 91.80 € ; 180.00 € ;M;;;
GVV03620;K00433;GVV; 13,000.00 € ;09.01.2012;24;3; 11.38 € ; 33.48 € ; 66.30 € ; 130.00 € ;Q;;;
GVV03634;K00033;GVV; 18,000.00 € ;19.08.2002;12;3; 15.75 € ; 46.35 € ; 91.80 € ; 180.00 € ;M;;;
GVV03890;K00285;GVV; 11,000.00 € ;28.07.2008;24;3; 9.63 € ; 28.33 € ; 56.10 € ; 110.00 € ;H;;;
GVV04101;K00218;GVV; 19,000.00 € ;15.01.2007;36;3; 16.63 € ; 48.93 € ; 96.90 € ; 190.00 € ;M;;;
GVV04343;K00310;GVV; 13,000.00 € ;23.02.2009;12;3; 11.38 € ; 33.48 € ; 66.30 € ; 130.00 € ;Q;;;
GVV04382;K00059;GVV; 19,000.00 € ;17.03.2003;24;3; 16.63 € ; 48.93 € ; 96.90 € ; 190.00 € ;J;;;
GVV04458;K00159;GVV; 18,000.00 € ;12.09.2005;12;3; 15.75 € ; 46.35 € ; 91.80 € ; 180.00 € ;Q;;;
GVV04510;K00365;GVV; 13,000.00 € ;28.06.2010;12;3; 11.38 € ; 33.48 € ; 66.30 € ; 130.00 € ;H;;;
GVV04562;K00167;GVV; 13,000.00 € ;21.11.2005;36;3; 11.38 € ; 33.48 € ; 66.30 € ; 130.00 € ;H;;;
GVV04793;K00462;GVV; 18,000.00 € ;15.10.2012;12;3; 15.75 € ; 46.35 € ; 91.80 € ; 180.00 € ;J;;;
GVV04883;K00209;GVV; 12,000.00 € ;06.01.2014;36;3; 10.50 € ; 30.90 € ; 61.20 € ; 120.00 € ;J;;;
GVV04896;K00390;GVV; 15,000.00 € ;24.01.2011;36;3; 13.13 € ; 38.63 € ; 76.50 € ; 150.00 € ;H;;;
GVV05007;K00080;GVV; 12,000.00 € ;13.10.2003;12;3; 10.50 € ; 30.90 € ; 61.20 € ; 120.00 € ;H;;;
GVV05297;K00118;GVV; 18,000.00 € ;27.09.2004;36;3; 15.75 € ; 46.35 € ; 91.80 € ; 180.00 € ;M;;;
GVV05352;K00220;GVV; 14,000.00 € ;03.02.2014;24;3; 12.25 € ; 36.05 € ; 71.40 € ; 140.00 € ;H;;;
GVV05364;K00097;GVV; 10,000.00 € ;01.03.2004;36;3; 8.75 € ; 25.75 € ; 51.00 € ; 100.00 € ;J;;;
GVV05508;K00209;GVV; 10,000.00 € ;06.11.2006;12;3; 8.75 € ; 25.75 € ; 51.00 € ; 100.00 € ;H;;;
GVV05730;K00245;GVV; 14,000.00 € ;28.04.2014;36;3; 12.25 € ; 36.05 € ; 71.40 € ; 140.00 € ;J;;;
GVV05762;K00357;GVV; 10,000.00 € ;19.04.2010;12;3; 8.75 € ; 25.75 € ; 51.00 € ; 100.00 € ;Q;;;
GVV05766;K00263;GVV; 10,000.00 € ;23.06.2014;12;3; 8.75 € ; 25.75 € ; 51.00 € ; 100.00 € ;J;;;
GVV05806;K00228;GVV; 18,000.00 € ;03.03.2014;12;3; 15.75 € ; 46.35 € ; 91.80 € ; 180.00 € ;H;;;
GVV05961;K00294;GVV; 17,000.00 € ;06.10.2008;24;3; 14.88 € ; 43.78 € ; 86.70 € ; 170.00 € ;J;;;
GVV06045;K00352;GVV; 17,000.00 € ;08.02.2010;12;3; 14.88 € ; 43.78 € ; 86.70 € ; 170.00 € ;M;;;
GVV06093;K00233;GVV; 14,000.00 € ;31.03.2014;24;3; 12.25 € ; 36.05 € ; 71.40 € ; 140.00 € ;J;;;
GVV06158;K00175;GVV; 19,000.00 € ;30.01.2006;36;3; 16.63 € ; 48.93 € ; 96.90 € ; 190.00 € ;H;;;
GVV06430;K00471;GVV; 17,000.00 € ;24.12.2012;36;3; 14.88 € ; 43.78 € ; 86.70 € ; 170.00 € ;J;;;
GVV06438;K00489;GVV; 14,000.00 € ;13.05.2013;12;3; 12.25 € ; 36.05 € ; 71.40 € ; 140.00 € ;H;;;
GVV06778;K00019;GVV; 11,000.00 € ;01.04.2002;24;3; 9.63 € ; 28.33 € ; 56.10 € ; 110.00 € ;J;;;
GVV07139;K00505;GVV; 18,000.00 € ;30.09.2013;36;3; 15.75 € ; 46.35 € ; 91.80 € ; 180.00 € ;Q;;;
GVV07292;K00194;GVV; 15,000.00 € ;11.11.2013;12;3; 13.13 € ; 38.63 € ; 76.50 € ; 150.00 € ;Q;;;
GVV07304;K00479;GVV; 15,000.00 € ;04.03.2013;36;3; 13.13 € ; 38.63 € ; 76.50 € ; 150.00 € ;Q;;;
GVV07689;K00262;GVV; 12,000.00 € ;31.12.2007;24;3; 10.50 € ; 30.90 € ; 61.20 € ; 120.00 € ;Q;;;
GVV07883;K00227;GVV; 18,000.00 € ;26.03.2007;12;3; 15.75 € ; 46.35 € ; 91.80 € ; 180.00 € ;M;;;
GVV07945;K00423;GVV; 19,000.00 € ;31.10.2011;36;3; 16.63 € ; 48.93 € ; 96.90 € ; 190.00 € ;H;;;
GVV07972;K00005;GVV; 11,000.00 € ;12.11.2001;36;3; 9.63 € ; 28.33 € ; 56.10 € ; 110.00 € ;Q;;;
GVV08004;K00049;GVV; 19,000.00 € ;06.01.2003;36;3; 16.63 € ; 48.93 € ; 96.90 € ; 190.00 € ;J;;;
GVV08021;K00194;GVV; 13,000.00 € ;19.06.2006;12;3; 11.38 € ; 33.48 € ; 66.30 € ; 130.00 € ;H;;;
GVV08023;K00132;GVV; 11,000.00 € ;14.02.2005;36;3; 9.63 € ; 28.33 € ; 56.10 € ; 110.00 € ;H;;;
GVV08105;K00269;GVV; 13,000.00 € ;10.03.2008;12;3; 11.38 € ; 33.48 € ; 66.30 € ; 130.00 € ;Q;;;
GVV08173;K00141;GVV; 18,000.00 € ;25.04.2005;12;3; 15.75 € ; 46.35 € ; 91.80 € ; 180.00 € ;J;;;
GVV08230;K00448;GVV; 18,000.00 € ;28.05.2012;12;3; 15.75 € ; 46.35 € ; 91.80 € ; 180.00 € ;J;;;
GVV08408;K00255;GVV; 10,000.00 € ;26.05.2014;24;3; 8.75 € ; 25.75 € ; 51.00 € ; 100.00 € ;H;;;
GVV08710;K00110;GVV; 15,000.00 € ;19.07.2004;12;3; 13.13 € ; 38.63 € ; 76.50 € ; 150.00 € ;J;;;
GVV08770;K00201;GVV; 15,000.00 € ;09.12.2013;24;3; 13.13 € ; 38.63 € ; 76.50 € ; 150.00 € ;J;;;
GVV08843;K00149;GVV; 10,000.00 € ;04.07.2005;24;3; 8.75 € ; 25.75 € ; 51.00 € ; 100.00 € ;J;;;
GVV09057;K00255;GVV; 11,000.00 € ;22.10.2007;36;3; 9.63 € ; 28.33 € ; 56.10 € ; 110.00 € ;H;;;
GVV09079;K00497;GVV; 15,000.00 € ;22.07.2013;24;3; 13.13 € ; 38.63 € ; 76.50 € ; 150.00 € ;Q;;;
GVV09278;K00326;GVV; 16,000.00 € ;13.07.2009;12;3; 14.00 € ; 41.20 € ; 81.60 € ; 160.00 € ;Q;;;
GVV09499;K00317;GVV; 15,000.00 € ;04.05.2009;24;3; 13.13 € ; 38.63 € ; 76.50 € ; 150.00 € ;J;;;
GVV09574;K00245;GVV; 16,000.00 € ;13.08.2007;12;3; 14.00 € ; 41.20 € ; 81.60 € ; 160.00 € ;H;;;
GVV09718;K00457;GVV; 17,000.00 € ;06.08.2012;24;3; 14.88 € ; 43.78 € ; 86.70 € ; 170.00 € ;H;;;
GVV09901;K00233;GVV; 11,000.00 € ;04.06.2007;12;3; 9.63 € ; 28.33 € ; 56.10 € ; 110.00 € ;J;;;
HR00000;K00298;HR; 14,000.00 € ;03.11.2008;24;3; 12.25 € ; 36.05 € ; 71.40 € ; 140.00 € ;J;;;
HR00204;K00369;HR; 15,000.00 € ;26.07.2010;12;3; 13.13 € ; 38.63 € ; 76.50 € ; 150.00 € ;J;;;
HR00323;K00198;HR; 12,000.00 € ;17.07.2006;36;3; 10.50 € ; 30.90 € ; 61.20 € ; 120.00 € ;J;;;
HR00352;K00337;HR; 17,000.00 € ;19.10.2009;12;3; 14.88 € ; 43.78 € ; 86.70 € ; 170.00 € ;J;;;
HR00415;K00084;HR; 11,000.00 € ;10.11.2003;36;3; 9.63 € ; 28.33 € ; 56.10 € ; 110.00 € ;J;;;
HR00496;K00281;HR; 19,000.00 € ;16.06.2008;12;3; 16.63 € ; 48.93 € ; 96.90 € ; 190.00 € ;J;;;
HR00542;K00061;HR; 16,000.00 € ;14.04.2003;12;3; 14.00 € ; 41.20 € ; 81.60 € ; 160.00 € ;Q;;;
HR00694;K00436;HR; 18,000.00 € ;06.02.2012;12;3; 15.75 € ; 46.35 € ; 91.80 € ; 180.00 € ;J;;;
HR00814;K00077;HR; 14,000.00 € ;01.09.2003;36;3; 12.25 € ; 36.05 € ; 71.40 € ; 140.00 € ;H;;;
HR00885;K00129;HR; 12,000.00 € ;03.01.2005;36;3; 10.50 € ; 30.90 € ; 61.20 € ; 120.00 € ;H;;;
HR01078;K00015;HR; 12,000.00 € ;18.02.2002;24;3; 10.50 € ; 30.90 € ; 61.20 € ; 120.00 € ;H;;;
HR01176;K00392;HR; 10,000.00 € ;21.02.2011;12;3; 8.75 € ; 25.75 € ; 51.00 € ; 100.00 € ;Q;;;
HR01185;K00313;HR; 15,000.00 € ;23.03.2009;24;3; 13.13 € ; 38.63 € ; 76.50 € ; 150.00 € ;J;;;
HR01343;K00135;HR; 11,000.00 € ;14.03.2005;24;3; 9.63 € ; 28.33 € ; 56.10 € ; 110.00 € ;H;;;
HR01375;K00275;HR; 19,000.00 € ;07.04.2008;12;3; 16.63 € ; 48.93 € ; 96.90 € ; 190.00 € ;M;;;
HR01401;K00021;HR; 16,000.00 € ;29.04.2002;36;3; 14.00 € ; 41.20 € ; 81.60 € ; 160.00 € ;H;;;
HR01587;K00347;HR; 14,000.00 € ;28.12.2009;24;3; 12.25 € ; 36.05 € ; 71.40 € ; 140.00 € ;M;;;
HR01728;K00265;HR; 18,000.00 € ;28.01.2008;12;3; 15.75 € ; 46.35 € ; 91.80 € ; 180.00 € ;H;;;
HR01857;K00493;HR; 14,000.00 € ;10.06.2013;36;3; 12.25 € ; 36.05 € ; 71.40 € ; 140.00 € ;H;;;
HR02163;K00501;HR; 18,000.00 € ;19.08.2013;24;3; 15.75 € ; 46.35 € ; 91.80 € ; 180.00 € ;J;;;
HR02365;K00163;HR; 16,000.00 € ;10.10.2005;24;3; 14.00 € ; 41.20 € ; 81.60 € ; 160.00 € ;H;;;
HR02554;K00330;HR; 13,000.00 € ;10.08.2009;24;3; 11.38 € ; 33.48 € ; 66.30 € ; 130.00 € ;H;;;
HR02916;K00203;HR; 19,000.00 € ;25.09.2006;24;3; 16.63 € ; 48.93 € ; 96.90 € ; 190.00 € ;H;;;
HR03117;K00444;HR; 13,000.00 € ;16.04.2012;12;3; 11.38 € ; 33.48 € ; 66.30 € ; 130.00 € ;Q;;;
HR03134;K00410;HR; 18,000.00 € ;11.07.2011;36;3; 15.75 € ; 46.35 € ; 91.80 € ; 180.00 € ;Q;;;
HR03194;K00188;HR; 16,000.00 € ;08.05.2006;24;3; 14.00 € ; 41.20 € ; 81.60 € ; 160.00 € ;H;;;
HR03839;K00377;HR; 11,000.00 € ;04.10.2010;24;3; 9.63 € ; 28.33 € ; 56.10 € ; 110.00 € ;J;;;
HR03987;K99998;HR; 18,000.00 € ;01.10.2001;24;3; 15.75 € ; 46.35 € ; 91.80 € ; 180.00 € ;J;;;
HR04268;K00035;HR; 17,000.00 € ;16.09.2002;36;3; 14.88 € ; 43.78 € ; 86.70 € ; 170.00 € ;H;;;
HR04303;K00257;HR; 18,000.00 € ;19.11.2007;36;3; 15.75 € ; 46.35 € ; 91.80 € ; 180.00 € ;J;;;
HR05189;K00509;HR; 16,000.00 € ;28.10.2013;12;3; 14.00 € ; 41.20 € ; 81.60 € ; 160.00 € ;Q;;;
HR05452;K00067;HR; 11,000.00 € ;23.06.2003;12;3; 9.63 € ; 28.33 € ; 56.10 € ; 110.00 € ;H;;;
HR05481;K00475;HR; 11,000.00 € ;21.01.2013;24;3; 9.63 € ; 28.33 € ; 56.10 € ; 110.00 € ;H;;;
HR05652;K00121;HR; 19,000.00 € ;25.10.2004;24;3; 16.63 € ; 48.93 € ; 96.90 € ; 190.00 € ;Q;;;
HR06080;K00248;HR; 17,000.00 € ;10.09.2007;12;3; 14.88 € ; 43.78 € ; 86.70 € ; 170.00 € ;M;;;
HR06137;K00360;HR; 10,000.00 € ;17.05.2010;24;3; 8.75 € ; 25.75 € ; 51.00 € ; 100.00 € ;J;;;
HR06207;K00482;HR; 17,000.00 € ;01.04.2013;24;3; 14.88 € ; 43.78 € ; 86.70 € ; 170.00 € ;Q;;;
HR06316;K00152;HR; 10,000.00 € ;01.08.2005;12;3; 8.75 € ; 25.75 € ; 51.00 € ; 100.00 € ;J;;;
HR06556;K00043;HR; 18,000.00 € ;25.11.2002;36;3; 15.75 € ; 46.35 € ; 91.80 € ; 180.00 € ;J;;;
HR06614;K00171;HR; 17,000.00 € ;19.12.2005;36;3; 14.88 € ; 43.78 € ; 86.70 € ; 170.00 € ;H;;;
HR06696;K00385;HR; 10,000.00 € ;13.12.2010;24;3; 8.75 € ; 25.75 € ; 51.00 € ; 100.00 € ;J;;;
HR06758;K00418;HR; 14,000.00 € ;19.09.2011;24;3; 12.25 € ; 36.05 € ; 71.40 € ; 140.00 € ;J;;;
HR06788;K00354;HR; 18,000.00 € ;08.03.2010;12;3; 15.75 € ; 46.35 € ; 91.80 € ; 180.00 € ;H;;;
HR06859;K00091;HR; 11,000.00 € ;19.01.2004;12;3; 9.63 € ; 28.33 € ; 56.10 € ; 110.00 € ;J;;;
HR06901;K00007;HR; 13,000.00 € ;10.12.2001;36;3; 11.38 € ; 33.48 € ; 66.30 € ; 130.00 € ;Q;;;
HR06965;K00230;HR; 16,000.00 € ;23.04.2007;36;3; 14.00 € ; 41.20 € ; 81.60 € ; 160.00 € ;J;;;
HR07041;K00099;HR; 13,000.00 € ;29.03.2004;36;3; 11.38 € ; 33.48 € ; 66.30 € ; 130.00 € ;M;;;
HR07046;K00237;HR; 12,000.00 € ;02.07.2007;24;3; 10.50 € ; 30.90 € ; 61.20 € ; 120.00 € ;H;;;
HR07413;K00451;HR; 15,000.00 € ;25.06.2012;12;3; 13.13 € ; 38.63 € ; 76.50 € ; 150.00 € ;H;;;
HR07458;K00114;HR; 11,000.00 € ;16.08.2004;36;3; 9.63 € ; 28.33 € ; 56.10 € ; 110.00 € ;H;;;
HR07561;K00179;HR; 13,000.00 € ;27.02.2006;12;3; 11.38 € ; 33.48 € ; 66.30 € ; 130.00 € ;J;;;
HR07736;K00429;HR; 11,000.00 € ;28.11.2011;12;3; 9.63 € ; 28.33 € ; 56.10 € ; 110.00 € ;Q;;;
HR07837;K00213;HR; 18,000.00 € ;04.12.2006;24;3; 15.75 € ; 46.35 € ; 91.80 € ; 180.00 € ;Q;;;
HR08137;K00106;HR; 11,000.00 € ;07.06.2004;12;3; 9.63 € ; 28.33 € ; 56.10 € ; 110.00 € ;J;;;
HR08275;K00321;HR; 18,000.00 € ;01.06.2009;36;3; 15.75 € ; 46.35 € ; 91.80 € ; 180.00 € ;H;;;
HR08311;K00028;HR; 19,000.00 € ;08.07.2002;12;3; 16.63 € ; 48.93 € ; 96.90 € ; 190.00 € ;J;;;
HR08529;K00403;HR; 18,000.00 € ;02.05.2011;12;3; 15.75 € ; 46.35 € ; 91.80 € ; 180.00 € ;Q;;;
HR08744;K00052;HR; 15,000.00 € ;03.02.2003;24;3; 13.13 € ; 38.63 € ; 76.50 € ; 150.00 € ;J;;;
HR08839;K00465;HR; 15,000.00 € ;12.11.2012;24;3; 13.13 € ; 38.63 € ; 76.50 € ; 150.00 € ;J;;;
HR08919;K00289;HR; 14,000.00 € ;25.08.2008;24;3; 12.25 € ; 36.05 € ; 71.40 € ; 140.00 € ;J;;;
HR08991;K00221;HR; 12,000.00 € ;12.02.2007;36;3; 10.50 € ; 30.90 € ; 61.20 € ; 120.00 € ;J;;;
HR09260;K00459;HR; 13,000.00 € ;03.09.2012;36;3; 11.38 € ; 33.48 € ; 66.30 € ; 130.00 € ;J;;;
HR09456;K00145;HR; 11,000.00 € ;23.05.2005;36;3; 9.63 € ; 28.33 € ; 56.10 € ; 110.00 € ;H;;;
HR09547;K00306;HR; 15,000.00 € ;12.01.2009;12;3; 13.13 € ; 38.63 € ; 76.50 € ; 150.00 € ;H;;;
HRG00569;K00470;HRG; 17,000.00 € ;10.12.2012;36;3; 14.88 € ; 43.78 € ; 86.70 € ; 170.00 € ;J;;;
HRG00628;K00380;HRG; 13,000.00 € ;01.11.2010;12;3; 11.38 € ; 33.48 € ; 66.30 € ; 130.00 € ;Q;;;
HRG00731;K00131;HRG; 14,000.00 € ;31.01.2005;36;3; 12.25 € ; 36.05 € ; 71.40 € ; 140.00 € ;Q;;;
HRG00831;K00447;HRG; 16,000.00 € ;14.05.2012;36;3; 14.00 € ; 41.20 € ; 81.60 € ; 160.00 € ;H;;;
HRG01196;K00123;HRG; 14,000.00 € ;22.11.2004;24;3; 12.25 € ; 36.05 € ; 71.40 € ; 140.00 € ;M;;;
HRG01345;K00397;HRG; 13,000.00 € ;21.03.2011;36;3; 11.38 € ; 33.48 € ; 66.30 € ; 130.00 € ;Q;;;
HRG01393;K00182;HRG; 11,000.00 € ;27.03.2006;36;3; 9.63 € ; 28.33 € ; 56.10 € ; 110.00 € ;Q;;;
HRG01472;K00486;HRG; 11,000.00 € ;29.04.2013;12;3; 9.63 € ; 28.33 € ; 56.10 € ; 110.00 € ;Q;;;
HRG01524;K00277;HRG; 18,000.00 € ;05.05.2008;36;3; 15.75 € ; 46.35 € ; 91.80 € ; 180.00 € ;J;;;
HRG01688;K00087;HRG; 10,000.00 € ;08.12.2003;12;3; 8.75 € ; 25.75 € ; 51.00 € ; 100.00 € ;H;;;
HRG01721;K00453;HRG; 19,000.00 € ;23.07.2012;36;3; 16.63 € ; 48.93 € ; 96.90 € ; 190.00 € ;J;;;
HRG01827;K00047;HRG; 14,000.00 € ;23.12.2002;24;3; 12.25 € ; 36.05 € ; 71.40 € ; 140.00 € ;Q;;;
HRG01898;K00079;HRG; 10,000.00 € ;29.09.2003;36;3; 8.75 € ; 25.75 € ; 51.00 € ; 100.00 € ;J;;;
HRG01945;K00012;HRG; 18,000.00 € ;07.01.2002;12;3; 15.75 € ; 46.35 € ; 91.80 € ; 180.00 € ;M;;;
HRG02124;K00432;HRG; 19,000.00 € ;26.12.2011;24;3; 16.63 € ; 48.93 € ; 96.90 € ; 190.00 € ;Q;;;
HRG02320;K00421;HRG; 17,000.00 € ;17.10.2011;36;3; 14.88 € ; 43.78 € ; 86.70 € ; 170.00 € ;H;;;
HRG02651;K00232;HRG; 15,000.00 € ;21.05.2007;12;3; 13.13 € ; 38.63 € ; 76.50 € ; 150.00 € ;Q;;;
HRG02862;K00017;HRG; 16,000.00 € ;18.03.2002;24;3; 14.00 € ; 41.20 € ; 81.60 € ; 160.00 € ;H;;;
HRG02972;K00064;HRG; 16,000.00 € ;12.05.2003;12;3; 14.00 € ; 41.20 € ; 81.60 € ; 160.00 € ;J;;;
HRG02986;K00439;HRG; 12,000.00 € ;05.03.2012;36;3; 10.50 € ; 30.90 € ; 61.20 € ; 120.00 € ;H;;;
HRG03074;K00117;HRG; 19,000.00 € ;13.09.2004;12;3; 16.63 € ; 48.93 € ; 96.90 € ; 190.00 € ;J;;;
HRG03282;K00174;HRG; 15,000.00 € ;16.01.2006;24;3; 13.13 € ; 38.63 € ; 76.50 € ; 150.00 € ;H;;;
HRG03316;K00109;HRG; 12,000.00 € ;05.07.2004;24;3; 10.50 € ; 30.90 € ; 61.20 € ; 120.00 € ;J;;;
HRG03487;K00165;HRG; 10,000.00 € ;07.11.2005;12;3; 8.75 € ; 25.75 € ; 51.00 € ; 100.00 € ;Q;;;
HRG03609;K00254;HRG; 14,000.00 € ;08.10.2007;24;3; 12.25 € ; 36.05 € ; 71.40 € ; 140.00 € ;H;;;
HRG04081;K00004;HRG; 18,000.00 € ;29.10.2001;12;3; 15.75 € ; 46.35 € ; 91.80 € ; 180.00 € ;M;;;
HRG04149;K00461;HRG; 18,000.00 € ;01.10.2012;24;3; 15.75 € ; 46.35 € ; 91.80 € ; 180.00 € ;Q;;;
HRG04500;K00349;HRG; 13,000.00 € ;25.01.2010;36;3; 11.38 € ; 33.48 € ; 66.30 € ; 130.00 € ;J;;;
HRG04504;K00356;HRG; 14,000.00 € ;05.04.2010;24;3; 12.25 € ; 36.05 € ; 71.40 € ; 140.00 € ;Q;;;
HRG04858;K00192;HRG; 12,000.00 € ;05.06.2006;24;3; 10.50 € ; 30.90 € ; 61.20 € ; 120.00 € ;Q;;;
HRG04874;K00389;HRG; 17,000.00 € ;10.01.2011;12;3; 14.88 € ; 43.78 € ; 86.70 € ; 170.00 € ;Q;;;
HRG04882;K00226;HRG; 18,000.00 € ;12.03.2007;36;3; 15.75 € ; 46.35 € ; 91.80 € ; 180.00 € ;J;;;
HRG05026;K00342;HRG; 19,000.00 € ;16.11.2009;36;3; 16.63 € ; 48.93 € ; 96.90 € ; 190.00 € ;J;;;
HRG05484;K00200;HRG; 16,000.00 € ;14.08.2006;12;3; 14.00 € ; 41.20 € ; 81.60 € ; 160.00 € ;J;;;
HRG06024;K00056;HRG; 17,000.00 € ;03.03.2003;24;3; 14.88 € ; 43.78 € ; 86.70 € ; 170.00 € ;M;;;
HRG06259;K00242;HRG; 13,000.00 € ;30.07.2007;36;3; 11.38 € ; 33.48 € ; 66.30 € ; 130.00 € ;Q;;;
HRG06419;K00371;HRG; 10,000.00 € ;23.08.2010;24;3; 8.75 € ; 25.75 € ; 51.00 € ; 100.00 € ;Q;;;
HRG06448;K00315;HRG; 14,000.00 € ;20.04.2009;36;3; 12.25 € ; 36.05 € ; 71.40 € ; 140.00 € ;J;;;
HRG06566;K00147;HRG; 19,000.00 € ;20.06.2005;12;3; 16.63 € ; 48.93 € ; 96.90 € ; 190.00 € ;Q;;;
HRG06745;K00414;HRG; 11,000.00 € ;08.08.2011;24;3; 9.63 € ; 28.33 € ; 56.10 € ; 110.00 € ;J;;;
HRG06876;K00334;HRG; 11,000.00 € ;07.09.2009;36;3; 9.63 € ; 28.33 € ; 56.10 € ; 110.00 € ;J;;;
HRG06892;K00140;HRG; 13,000.00 € ;11.04.2005;12;3; 11.38 € ; 33.48 € ; 66.30 € ; 130.00 € ;H;;;
HRG06916;K00095;HRG; 10,000.00 € ;16.02.2004;36;3; 8.75 € ; 25.75 € ; 51.00 € ; 100.00 € ;H;;;
HRG06973;K00477;HRG; 18,000.00 € ;18.02.2013;24;3; 15.75 € ; 46.35 € ; 91.80 € ; 180.00 € ;J;;;
HRG07041;K00284;HRG; 15,000.00 € ;14.07.2008;12;3; 13.13 € ; 38.63 € ; 76.50 € ; 150.00 € ;M;;;
HRG07177;K00216;HRG; 17,000.00 € ;01.01.2007;12;3; 14.88 € ; 43.78 € ; 86.70 € ; 170.00 € ;J;;;
HRG07354;K00208;HRG; 19,000.00 € ;23.10.2006;12;3; 16.63 € ; 48.93 € ; 96.90 € ; 190.00 € ;J;;;
HRG07731;K00071;HRG; 13,000.00 € ;21.07.2003;36;3; 11.38 € ; 33.48 € ; 66.30 € ; 130.00 € ;M;;;
HRG07922;K00300;HRG; 14,000.00 € ;01.12.2008;36;3; 12.25 € ; 36.05 € ; 71.40 € ; 140.00 € ;Q;;;
HRG08154;K00364;HRG; 14,000.00 € ;14.06.2010;36;3; 12.25 € ; 36.05 € ; 71.40 € ; 140.00 € ;J;;;
HRG08267;K00039;HRG; 13,000.00 € ;14.10.2002;24;3; 11.38 € ; 33.48 € ; 66.30 € ; 130.00 € ;Q;;;
HRG08273;K00407;HRG; 16,000.00 € ;30.05.2011;24;3; 14.00 € ; 41.20 € ; 81.60 € ; 160.00 € ;J;;;
HRG08392;K00292;HRG; 14,000.00 € ;22.09.2008;36;3; 12.25 € ; 36.05 € ; 71.40 € ; 140.00 € ;H;;;
HRG08414;K00495;HRG; 15,000.00 € ;08.07.2013;12;3; 13.13 € ; 38.63 € ; 76.50 € ; 150.00 € ;H;;;
HRG08838;K00259;HRG; 14,000.00 € ;17.12.2007;36;3; 12.25 € ; 36.05 € ; 71.40 € ; 140.00 € ;M;;;
HRG08905;K00101;HRG; 15,000.00 € ;26.04.2004;12;3; 13.13 € ; 38.63 € ; 76.50 € ; 150.00 € ;Q;;;
HRG09029;K00025;HRG; 12,000.00 € ;27.05.2002;24;3; 10.50 € ; 30.90 € ; 61.20 € ; 120.00 € ;H;;;
HRG09065;K00325;HRG; 13,000.00 € ;29.06.2009;36;3; 11.38 € ; 33.48 € ; 66.30 € ; 130.00 € ;H;;;
HRG09280;K00032;HRG; 12,000.00 € ;05.08.2002;12;3; 10.50 € ; 30.90 € ; 61.20 € ; 120.00 € ;Q;;;
HRG09452;K00156;HRG; 14,000.00 € ;29.08.2005;12;3; 12.25 € ; 36.05 € ; 71.40 € ; 140.00 € ;Q;;;
HRG09498;K00504;HRG; 15,000.00 € ;16.09.2013;24;3; 13.13 € ; 38.63 € ; 76.50 € ; 150.00 € ;H;;;
HRG09542;K00309;HRG; 15,000.00 € ;09.02.2009;12;3; 13.13 € ; 38.63 € ; 76.50 € ; 150.00 € ;H;;;
HRG09951;K00268;HRG; 18,000.00 € ;25.02.2008;36;3; 15.75 € ; 46.35 € ; 91.80 € ; 180.00 € ;H;;;
STH00474;K00075;STH; 11,000.00 € ;18.08.2003;24;3; 9.63 € ; 28.33 € ; 56.10 € ; 110.00 € ;J;;;
STH00533;K00305;STH; 17,000.00 € ;29.12.2008;36;3; 14.88 € ; 43.78 € ; 86.70 € ; 170.00 € ;H;;;
STH00604;K00162;STH; 17,000.00 € ;26.09.2005;12;3; 14.88 € ; 43.78 € ; 86.70 € ; 170.00 € ;J;;;
STH00739;K00177;STH; 10,000.00 € ;13.02.2006;24;3; 8.75 € ; 25.75 € ; 51.00 € ; 100.00 € ;H;;;
STH00839;K00201;STH; 16,000.00 € ;23.12.2013;24;3; 14.00 € ; 41.20 € ; 81.60 € ; 160.00 € ;Q;;;
STH01009;K00133;STH; 13,000.00 € ;28.02.2005;36;3; 11.38 € ; 33.48 € ; 66.30 € ; 130.00 € ;J;;;
STH01175;K00246;STH; 10,000.00 € ;27.08.2007;36;3; 8.75 € ; 25.75 € ; 51.00 € ; 100.00 € ;H;;;
STH01201;K00443;STH; 16,000.00 € ;02.04.2012;36;3; 14.00 € ; 41.20 € ; 81.60 € ; 160.00 € ;H;;;
STH01254;K00119;STH; 13,000.00 € ;11.10.2004;24;3; 11.38 € ; 33.48 € ; 66.30 € ; 130.00 € ;J;;;
STH01524;K00311;STH; 19,000.00 € ;09.03.2009;12;3; 16.63 € ; 48.93 € ; 96.90 € ; 190.00 € ;J;;;
STH01627;K00142;STH; 17,000.00 € ;09.05.2005;12;3; 14.88 € ; 43.78 € ; 86.70 € ; 170.00 € ;H;;;
STH01660;K00286;STH; 12,000.00 € ;11.08.2008;24;3; 10.50 € ; 30.90 € ; 61.20 € ; 120.00 € ;J;;;
STH01909;K00113;STH; 17,000.00 € ;02.08.2004;12;3; 14.88 € ; 43.78 € ; 86.70 € ; 170.00 € ;J;;;
STH02065;K00151;STH; 18,000.00 € ;18.07.2005;12;3; 15.75 € ; 46.35 € ; 91.80 € ; 180.00 € ;H;;;
STH02096;K00274;STH; 10,000.00 € ;04.08.2014;12;3; 8.75 € ; 25.75 € ; 51.00 € ; 100.00 € ;J;;;
STH02232;K00245;STH; 11,000.00 € ;12.05.2014;24;3; 9.63 € ; 28.33 € ; 56.10 € ; 110.00 € ;M;;;
STH02254;K00081;STH; 16,000.00 € ;27.10.2003;24;3; 14.00 € ; 41.20 € ; 81.60 € ; 160.00 € ;H;;;
STH02277;K00498;STH; 19,000.00 € ;05.08.2013;24;3; 16.63 € ; 48.93 € ; 96.90 € ; 190.00 € ;J;;;
STH02432;K00328;STH; 14,000.00 € ;27.07.2009;12;3; 12.25 € ; 36.05 € ; 71.40 € ; 140.00 € ;J;;;
STH02513;K00060;STH; 10,000.00 € ;31.03.2003;24;3; 8.75 € ; 25.75 € ; 51.00 € ; 100.00 € ;J;;;
STH02986;K00376;STH; 12,000.00 € ;20.09.2010;12;3; 10.50 € ; 30.90 € ; 61.20 € ; 120.00 € ;H;;;
STH03237;K00220;STH; 14,000.00 € ;17.02.2014;24;3; 12.25 € ; 36.05 € ; 71.40 € ; 140.00 € ;Q;;;
STH03307;K00050;STH; 17,000.00 € ;20.01.2003;24;3; 14.88 € ; 43.78 € ; 86.70 € ; 170.00 € ;J;;;
STH03738;K00280;STH; 19,000.00 € ;02.06.2008;24;3; 16.63 € ; 48.93 € ; 96.90 € ; 190.00 € ;H;;;
STH03936;K00256;STH; 16,000.00 € ;05.11.2007;36;3; 14.00 € ; 41.20 € ; 81.60 € ; 160.00 € ;Q;;;
STH04056;K00006;STH; 12,000.00 € ;26.11.2001;24;3; 10.50 € ; 30.90 € ; 61.20 € ; 120.00 € ;J;;;
STH04177;K00255;STH; 19,000.00 € ;09.06.2014;36;3; 16.63 € ; 48.93 € ; 96.90 € ; 190.00 € ;Q;;;
STH04207;K00066;STH; 12,000.00 € ;09.06.2003;12;3; 10.50 € ; 30.90 € ; 61.20 € ; 120.00 € ;M;;;
STH04406;K00233;STH; 16,000.00 € ;14.04.2014;12;3; 14.00 € ; 41.20 € ; 81.60 € ; 160.00 € ;M;;;
STH04935;K00472;STH; 13,000.00 € ;07.01.2013;12;3; 11.38 € ; 33.48 € ; 66.30 € ; 130.00 € ;Q;;;
STH05055;K00353;STH; 13,000.00 € ;22.02.2010;12;3; 11.38 € ; 33.48 € ; 66.30 € ; 130.00 € ;Q;;;
STH05204;K00212;STH; 15,000.00 € ;20.11.2006;24;3; 13.13 € ; 38.63 € ; 76.50 € ; 150.00 € ;H;;;
STH05278;K00481;STH; 11,000.00 € ;18.03.2013;36;3; 9.63 € ; 28.33 € ; 56.10 € ; 110.00 € ;H;;;
STH05399;K00128;STH; 17,000.00 € ;20.12.2004;12;3; 14.88 € ; 43.78 € ; 86.70 € ; 170.00 € ;M;;;
STH05417;K00434;STH; 10,000.00 € ;23.01.2012;36;3; 8.75 € ; 25.75 € ; 51.00 € ; 100.00 € ;Q;;;
STH05574;K00320;STH; 14,000.00 € ;18.05.2009;12;3; 12.25 € ; 36.05 € ; 71.40 € ; 140.00 € ;H;;;
STH05731;K00034;STH; 12,000.00 € ;02.09.2002;36;3; 10.50 € ; 30.90 € ; 61.20 € ; 120.00 € ;H;;;
STH05764;K00427;STH; 10,000.00 € ;14.11.2011;12;3; 8.75 € ; 25.75 € ; 51.00 € ; 100.00 € ;H;;;
STH05809;K00103;STH; 17,000.00 € ;24.05.2004;24;3; 14.88 € ; 43.78 € ; 86.70 € ; 170.00 € ;Q;;;
STH06290;K00220;STH; 19,000.00 € ;29.01.2007;24;3; 16.63 € ; 48.93 € ; 96.90 € ; 190.00 € ;Q;;;
STH06334;K00014;STH; 15,000.00 € ;04.02.2002;12;3; 13.13 € ; 38.63 € ; 76.50 € ; 150.00 € ;J;;;
STH06338;K00458;STH; 15,000.00 € ;20.08.2012;36;3; 13.13 € ; 38.63 € ; 76.50 € ; 150.00 € ;J;;;
STH06361;K00274;STH; 12,000.00 € ;24.03.2008;12;3; 10.50 € ; 30.90 € ; 61.20 € ; 120.00 € ;Q;;;
STH06519;K00367;STH; 16,000.00 € ;12.07.2010;36;3; 14.00 € ; 41.20 € ; 81.60 € ; 160.00 € ;J;;;
STH06532;K00228;STH; 10,000.00 € ;17.03.2014;24;3; 8.75 € ; 25.75 € ; 51.00 € ; 100.00 € ;J;;;
STH06765;K00020;STH; 10,000.00 € ;15.04.2002;24;3; 8.75 € ; 25.75 € ; 51.00 € ; 100.00 € ;Q;;;
STH07306;K00168;STH; 18,000.00 € ;05.12.2005;24;3; 15.75 € ; 46.35 € ; 91.80 € ; 180.00 € ;H;;;
STH07341;K00098;STH; 13,000.00 € ;15.03.2004;36;3; 11.38 € ; 33.48 € ; 66.30 € ; 130.00 € ;H;;;
STH07385;K00417;STH; 11,000.00 € ;05.09.2011;24;3; 9.63 € ; 28.33 € ; 56.10 € ; 110.00 € ;M;;;
STH07422;K00409;STH; 13,000.00 € ;27.06.2011;36;3; 11.38 € ; 33.48 € ; 66.30 € ; 130.00 € ;J;;;
STH07479;K00042;STH; 10,000.00 € ;11.11.2002;24;3; 8.75 € ; 25.75 € ; 51.00 € ; 100.00 € ;H;;;
STH07502;K00263;STH; 19,000.00 € ;07.07.2014;24;3; 16.63 € ; 48.93 € ; 96.90 € ; 190.00 € ;Q;;;
STH07507;K00463;STH; 12,000.00 € ;29.10.2012;12;3; 10.50 € ; 30.90 € ; 61.20 € ; 120.00 € ;M;;;
STH07527;K00194;STH; 11,000.00 € ;25.11.2013;12;3; 9.63 € ; 28.33 € ; 56.10 € ; 110.00 € ;M;;;
STH07611;K00296;STH; 19,000.00 € ;20.10.2008;12;3; 16.63 € ; 48.93 € ; 96.90 € ; 190.00 € ;H;;;
STH07621;K00336;STH; 13,000.00 € ;05.10.2009;24;3; 11.38 € ; 33.48 € ; 66.30 € ; 130.00 € ;J;;;
STH07741;K00228;STH; 17,000.00 € ;09.04.2007;36;3; 14.88 € ; 43.78 € ; 86.70 € ; 170.00 € ;Q;;;
STH07780;K00401;STH; 11,000.00 € ;18.04.2011;24;3; 9.63 € ; 28.33 € ; 56.10 € ; 110.00 € ;J;;;
STH07786;K00507;STH; 15,000.00 € ;14.10.2013;24;3; 13.13 € ; 38.63 € ; 76.50 € ; 150.00 € ;Q;;;
STH07861;K00209;STH; 16,000.00 € ;20.01.2014;24;3; 14.00 € ; 41.20 € ; 81.60 € ; 160.00 € ;J;;;
STH08163;K00492;STH; 11,000.00 € ;27.05.2013;36;3; 9.63 € ; 28.33 € ; 56.10 € ; 110.00 € ;H;;;
STH08214;K00384;STH; 13,000.00 € ;29.11.2010;24;3; 11.38 € ; 33.48 € ; 66.30 € ; 130.00 € ;Q;;;
STH08278;K00196;STH; 14,000.00 € ;03.07.2006;24;3; 12.25 € ; 36.05 € ; 71.40 € ; 140.00 € ;H;;;
STH08279;K00185;STH; 19,000.00 € ;24.04.2006;12;3; 16.63 € ; 48.93 € ; 96.90 € ; 190.00 € ;Q;;;
STH08322;K00202;STH; 16,000.00 € ;11.09.2006;36;3; 14.00 € ; 41.20 € ; 81.60 € ; 160.00 € ;J;;;
STH08485;K00391;STH; 10,000.00 € ;07.02.2011;12;3; 8.75 € ; 25.75 € ; 51.00 € ; 100.00 € ;J;;;
STH08640;K00344;STH; 12,000.00 € ;14.12.2009;24;3; 10.50 € ; 30.90 € ; 61.20 € ; 120.00 € ;H;;;
STH08831;K00263;STH; 13,000.00 € ;14.01.2008;24;3; 11.38 € ; 33.48 € ; 66.30 € ; 130.00 € ;J;;;
STH08963;K00358;STH; 17,000.00 € ;03.05.2010;24;3; 14.88 € ; 43.78 € ; 86.70 € ; 170.00 € ;H;;;
STH09150;K00027;STH; 12,000.00 € ;24.06.2002;36;3; 10.50 € ; 30.90 € ; 61.20 € ; 120.00 € ;H;;;
STH09378;K00236;STH; 15,000.00 € ;18.06.2007;24;3; 13.13 € ; 38.63 € ; 76.50 € ; 150.00 € ;M;;;
STH09718;K00090;STH; 15,000.00 € ;05.01.2004;12;3; 13.13 € ; 38.63 € ; 76.50 € ; 150.00 € ;Q;;;
STH09720;K00449;STH; 10,000.00 € ;11.06.2012;12;3; 8.75 € ; 25.75 € ; 51.00 € ; 100.00 € ;J;;;
;;;;;;;;;;;;;;
;;;;;;;;;;;;;;
;;;;;;;;;;;;;;
;;;;;;;;;;;;;;
;;;;;;;;;;;;;;
;;;;;;;;;;;;;;
;;;;;;;;;;;;;;
;;;;;;;;;;;;;;
;;;;;;;;;;;;;;
;;;;;;;;;;;;;;
;;;;;;;;;;;;;;
;;;;;;;;;;;;;;
;;;;;;;;;;;;;;
;;;;;;;;;;;;;;
;;;;;;;;;;;;;;
;;;;;;;;;;;;;;
;;;;;;;;;;;;;;
;;;;;;;;;;;;;;
;;;;;;;;;;;;;;
;;;;;;;;;;;;;;
;;;;;;;;;;;;;;
;;;;;;;;;;;;;;
;;;;;;;;;;;;;;
;;;;;;;;;;;;;;
;;;;;;;;;;;;;;
;;;;;;;;;;;;;;
;;;;;;;;;;;;;;
;;;;;;;;;;;;;;
;;;;;;;;;;;;;;
;;;;;;;;;;;;;;
;;;;;;;;;;;;;;
;;;;;;;;;;;;;;
;;;;;;;;;;;;;;
;;;;;;;;;;;;;;
;;;;;;;;;;;;;;
;;;;;;;;;;;;;;
;;;;;;;;;;;;;;
;;;;;;;;;;;;;;
;;;;;;;;;;;;;;
;;;;;;;;;;;;;;
;;;;;;;;;;;;;;
;;;;;;;;;;;;;;
;;;;;;;;;;;;;;
;;;;;;;;;;;;;;
;;;;;;;;;;;;;;
;;;;;;;;;;;;;;
;;;;;;;;;;;;;;
;;;;;;;;;;;;;;
;;;;;;;;;;;;;;
;;;;;;;;;;;;;;
;;;;;;;;;;;;;;
;;;;;;;;;;;;;;
;;;;;;;;;;;;;;
;;;;;;;;;;;;;;
;;;;;;;;;;;;;;
;;;;;;;;;;;;;;
;;;;;;;;;;;;;;
;;;;;;;;;;;;;;
;;;;;;;;;;;;;;
;;;;;;;;;;;;;;
;;;;;;;;;;;;;;
;;;;;;;;;;;;;;
;;;;;;;;;;;;;;
;;;;;;;;;;;;;;
;;;;;;;;;;;;;;
;;;;;;;;;;;;;;
;;;;;;;;;;;;;;
;;;;;;;;;;;;;;
;;;;;;;;;;;;;;
;;;;;;;;;;;;;;
